Date,0
2001-05-25,Neg
2001-05-29,Neg
2001-05-30,Neutral
2001-05-31,Neutral
2001-06-01,Neutral
2001-06-04,Neutral
2001-06-05,Neutral
2001-06-06,Neutral
2001-06-07,Neutral
2001-06-08,Neutral
2001-06-11,Neutral
2001-06-12,Neg
2001-06-13,Neutral
2001-06-14,Neg
2001-06-15,Neg
2001-06-18,Neg
2001-06-19,Neg
2001-06-20,Pos
2001-06-21,Pos
2001-06-22,Neutral
2001-06-25,Neutral
2001-06-26,Neutral
2001-06-27,Neutral
2001-06-28,Neutral
2001-06-29,Neutral
2001-07-02,Neutral
2001-07-03,Neutral
2001-07-05,Neutral
2001-07-06,Neutral
2001-07-09,Pos
2001-07-10,Pos
2001-07-11,Pos
2001-07-12,Neutral
2001-07-13,Pos
2001-07-16,Pos
2001-07-17,Pos
2001-07-18,Pos
2001-07-19,Neutral
2001-07-20,Pos
2001-07-23,Neutral
2001-07-24,Neutral
2001-07-25,Pos
2001-07-26,Neutral
2001-07-27,Neutral
2001-07-30,Neutral
2001-07-31,Neutral
2001-08-01,Neutral
2001-08-02,Neutral
2001-08-03,Neutral
2001-08-06,Neutral
2001-08-07,Neutral
2001-08-08,Neutral
2001-08-09,Neutral
2001-08-10,Neg
2001-08-13,Neutral
2001-08-14,Neutral
2001-08-15,Neutral
2001-08-16,Neg
2001-08-17,Neg
2001-08-20,Neutral
2001-08-21,Neutral
2001-08-22,Neutral
2001-08-23,Neutral
2001-08-24,Neutral
2001-08-27,Neg
2001-08-28,Neutral
2001-08-29,Neutral
2001-08-30,Neutral
2001-08-31,Neutral
2001-09-04,Neutral
2001-09-05,Neutral
2001-09-06,Neutral
2001-09-07,Pos
2001-09-10,Pos
2001-09-17,Pos
2001-09-18,Neutral
2001-09-19,Neutral
2001-09-20,Neutral
2001-09-21,Pos
2001-09-24,Pos
2001-09-25,Pos
2001-09-26,Pos
2001-09-27,Pos
2001-09-28,Neutral
2001-10-01,Pos
2001-10-02,Pos
2001-10-03,Pos
2001-10-04,Pos
2001-10-05,Pos
2001-10-08,Pos
2001-10-09,Pos
2001-10-10,Neg
2001-10-11,Neg
2001-10-12,Neg
2001-10-15,Neg
2001-10-16,Neg
2001-10-17,Neg
2001-10-18,Neg
2001-10-19,Neg
2001-10-22,Neg
2001-10-23,Neg
2001-10-24,Neg
2001-10-25,Neg
2001-10-26,Neg
2001-10-29,Neg
2001-10-30,Neg
2001-10-31,Neg
2001-11-01,Neg
2001-11-02,Neg
2001-11-05,Neg
2001-11-06,Neg
2001-11-07,Neg
2001-11-08,Neg
2001-11-09,Neg
2001-11-12,Neutral
2001-11-13,Neutral
2001-11-14,Neutral
2001-11-15,Neutral
2001-11-16,Neg
2001-11-19,Neg
2001-11-20,Neg
2001-11-21,Neg
2001-11-23,Neutral
2001-11-26,Neutral
2001-11-27,Neutral
2001-11-28,Neutral
2001-11-29,Neg
2001-11-30,Neg
2001-12-03,Neutral
2001-12-04,Neg
2001-12-05,Neg
2001-12-06,Neg
2001-12-07,Neg
2001-12-10,Neg
2001-12-11,Neg
2001-12-12,Neg
2001-12-13,Neg
2001-12-14,Neg
2001-12-17,Neutral
2001-12-18,Neutral
2001-12-19,Neutral
2001-12-20,Neutral
2001-12-21,Neutral
2001-12-24,Neutral
2001-12-26,Neutral
2001-12-27,Neutral
2001-12-28,Neutral
2001-12-31,Neg
2002-01-02,Neutral
2002-01-03,Neutral
2002-01-04,Neutral
2002-01-07,Neutral
2002-01-08,Neutral
2002-01-09,Neg
2002-01-10,Neg
2002-01-11,Neg
2002-01-14,Neg
2002-01-15,Neg
2002-01-16,Neg
2002-01-17,Neg
2002-01-18,Neg
2002-01-22,Neutral
2002-01-23,Neg
2002-01-24,Neutral
2002-01-25,Neg
2002-01-28,Neg
2002-01-29,Neutral
2002-01-30,Neutral
2002-01-31,Neutral
2002-02-01,Neutral
2002-02-04,Neutral
2002-02-05,Neutral
2002-02-06,Neutral
2002-02-07,Neg
2002-02-08,Neg
2002-02-11,Neg
2002-02-12,Neg
2002-02-13,Neg
2002-02-14,Neg
2002-02-15,Neg
2002-02-19,Pos
2002-02-20,Pos
2002-02-21,Pos
2002-02-22,Pos
2002-02-25,Neutral
2002-02-26,Neutral
2002-02-27,Neutral
2002-02-28,Neg
2002-03-01,Neg
2002-03-04,Neutral
2002-03-05,Neutral
2002-03-06,Neutral
2002-03-07,Neutral
2002-03-08,Neutral
2002-03-11,Neutral
2002-03-12,Neutral
2002-03-13,Neutral
2002-03-14,Neutral
2002-03-15,Neutral
2002-03-18,Neutral
2002-03-19,Neutral
2002-03-20,Neutral
2002-03-21,Neutral
2002-03-22,Neutral
2002-03-25,Pos
2002-03-26,Neutral
2002-03-27,Neutral
2002-03-28,Neutral
2002-04-01,Neutral
2002-04-02,Neutral
2002-04-03,Pos
2002-04-04,Neg
2002-04-05,Pos
2002-04-08,Pos
2002-04-09,Pos
2002-04-10,Pos
2002-04-11,Pos
2002-04-12,Pos
2002-04-15,Pos
2002-04-16,Pos
2002-04-17,Pos
2002-04-18,Pos
2002-04-19,Pos
2002-04-22,Pos
2002-04-23,Pos
2002-04-24,Pos
2002-04-25,Pos
2002-04-26,Pos
2002-04-29,Pos
2002-04-30,Pos
2002-05-01,Pos
2002-05-02,Pos
2002-05-03,Pos
2002-05-06,Pos
2002-05-07,Pos
2002-05-08,Pos
2002-05-09,Neutral
2002-05-10,Neutral
2002-05-13,Neutral
2002-05-14,Neutral
2002-05-15,Neg
2002-05-16,Neg
2002-05-17,Neg
2002-05-20,Neg
2002-05-21,Neutral
2002-05-22,Neg
2002-05-23,Neg
2002-05-24,Neg
2002-05-28,Neg
2002-05-29,Neg
2002-05-30,Neg
2002-05-31,Neg
2002-06-03,Neg
2002-06-04,Neg
2002-06-05,Neg
2002-06-06,Neg
2002-06-07,Neg
2002-06-10,Neg
2002-06-11,Neg
2002-06-12,Neg
2002-06-13,Neutral
2002-06-14,Neg
2002-06-17,Neg
2002-06-18,Neg
2002-06-19,Neg
2002-06-20,Neg
2002-06-21,Neg
2002-06-24,Neg
2002-06-25,Pos
2002-06-26,Neg
2002-06-27,Pos
2002-06-28,Pos
2002-07-01,Neutral
2002-07-02,Neg
2002-07-03,Neg
2002-07-05,Neg
2002-07-08,Neg
2002-07-09,Pos
2002-07-10,Neutral
2002-07-11,Pos
2002-07-12,Neutral
2002-07-15,Pos
2002-07-16,Pos
2002-07-17,Pos
2002-07-18,Neutral
2002-07-19,Pos
2002-07-22,Pos
2002-07-23,Pos
2002-07-24,Pos
2002-07-25,Pos
2002-07-26,Pos
2002-07-29,Neutral
2002-07-30,Neutral
2002-07-31,Neutral
2002-08-01,Pos
2002-08-02,Neutral
2002-08-05,Pos
2002-08-06,Neutral
2002-08-07,Pos
2002-08-08,Pos
2002-08-09,Pos
2002-08-12,Pos
2002-08-13,Pos
2002-08-14,Neutral
2002-08-15,Neg
2002-08-16,Neutral
2002-08-19,Neutral
2002-08-20,Neutral
2002-08-21,Neutral
2002-08-22,Neutral
2002-08-23,Neg
2002-08-26,Neg
2002-08-27,Neutral
2002-08-28,Neutral
2002-08-29,Neutral
2002-08-30,Neutral
2002-09-03,Neg
2002-09-04,Neg
2002-09-05,Neutral
2002-09-06,Neg
2002-09-09,Neutral
2002-09-10,Neutral
2002-09-11,Neutral
2002-09-12,Neutral
2002-09-13,Neutral
2002-09-16,Neutral
2002-09-17,Neutral
2002-09-18,Neutral
2002-09-19,Neg
2002-09-20,Neg
2002-09-23,Neg
2002-09-24,Neg
2002-09-25,Neg
2002-09-26,Neutral
2002-09-27,Neg
2002-09-30,Neg
2002-10-01,Neutral
2002-10-02,Neg
2002-10-03,Neg
2002-10-04,Neg
2002-10-07,Neg
2002-10-08,Pos
2002-10-09,Pos
2002-10-10,Neg
2002-10-11,Neg
2002-10-14,Neutral
2002-10-15,Neutral
2002-10-16,Neg
2002-10-17,Neutral
2002-10-18,Neutral
2002-10-21,Neutral
2002-10-22,Neutral
2002-10-23,Neutral
2002-10-24,Neutral
2002-10-25,Neutral
2002-10-28,Neutral
2002-10-29,Neutral
2002-10-30,Neutral
2002-10-31,Neutral
2002-11-01,Neutral
2002-11-04,Neutral
2002-11-05,Neutral
2002-11-06,Neutral
2002-11-07,Neutral
2002-11-08,Neutral
2002-11-11,Neg
2002-11-12,Neg
2002-11-13,Neg
2002-11-14,Neutral
2002-11-15,Neg
2002-11-18,Neg
2002-11-19,Neg
2002-11-20,Neg
2002-11-21,Neg
2002-11-22,Neutral
2002-11-25,Neutral
2002-11-26,Neg
2002-11-27,Neg
2002-11-29,Neutral
2002-12-02,Neutral
2002-12-03,Neutral
2002-12-04,Neg
2002-12-05,Neg
2002-12-06,Neg
2002-12-09,Neutral
2002-12-10,Neg
2002-12-11,Neg
2002-12-12,Neg
2002-12-13,Neutral
2002-12-16,Neg
2002-12-17,Neutral
2002-12-18,Neg
2002-12-19,Neg
2002-12-20,Neutral
2002-12-23,Neutral
2002-12-24,Neutral
2002-12-26,Neutral
2002-12-27,Neutral
2002-12-30,Neutral
2002-12-31,Neutral
2003-01-02,Neutral
2003-01-03,Neutral
2003-01-06,Neutral
2003-01-07,Neutral
2003-01-08,Neutral
2003-01-09,Neutral
2003-01-10,Neutral
2003-01-13,Neutral
2003-01-14,Neutral
2003-01-15,Neg
2003-01-16,Neg
2003-01-17,Neutral
2003-01-21,Neutral
2003-01-22,Neutral
2003-01-23,Neutral
2003-01-24,Neutral
2003-01-27,Neutral
2003-01-28,Neutral
2003-01-29,Neg
2003-01-30,Neg
2003-01-31,Neg
2003-02-03,Neg
2003-02-04,Neg
2003-02-05,Neg
2003-02-06,Neg
2003-02-07,Neg
2003-02-10,Neg
2003-02-11,Neg
2003-02-12,Neg
2003-02-13,Neg
2003-02-14,Neg
2003-02-18,Neg
2003-02-19,Neg
2003-02-20,Neg
2003-02-21,Neg
2003-02-24,Neutral
2003-02-25,Neutral
2003-02-26,Neutral
2003-02-27,Neutral
2003-02-28,Neutral
2003-03-03,Neutral
2003-03-04,Neg
2003-03-05,Neg
2003-03-06,Neg
2003-03-07,Neg
2003-03-10,Neg
2003-03-11,Neg
2003-03-12,Neg
2003-03-13,Neg
2003-03-14,Neutral
2003-03-17,Neutral
2003-03-18,Neutral
2003-03-19,Neutral
2003-03-20,Neutral
2003-03-21,Neutral
2003-03-24,Neutral
2003-03-25,Neutral
2003-03-26,Neutral
2003-03-27,Neutral
2003-03-28,Neutral
2003-03-31,Neutral
2003-04-01,Neutral
2003-04-02,Neutral
2003-04-03,Neutral
2003-04-04,Neutral
2003-04-07,Neutral
2003-04-08,Neutral
2003-04-09,Neutral
2003-04-10,Neutral
2003-04-11,Neutral
2003-04-14,Neutral
2003-04-15,Neutral
2003-04-16,Neutral
2003-04-17,Neutral
2003-04-21,Neg
2003-04-22,Neutral
2003-04-23,Neg
2003-04-24,Neutral
2003-04-25,Neg
2003-04-28,Neg
2003-04-29,Neutral
2003-04-30,Neutral
2003-05-01,Neutral
2003-05-02,Neutral
2003-05-05,Neutral
2003-05-06,Neutral
2003-05-07,Neutral
2003-05-08,Neutral
2003-05-09,Neutral
2003-05-12,Neutral
2003-05-13,Neutral
2003-05-14,Neutral
2003-05-15,Neutral
2003-05-16,Neutral
2003-05-19,Neutral
2003-05-20,Neutral
2003-05-21,Neutral
2003-05-22,Neutral
2003-05-23,Neutral
2003-05-27,Neutral
2003-05-28,Pos
2003-05-29,Pos
2003-05-30,Neg
2003-06-02,Neg
2003-06-03,Neutral
2003-06-04,Neutral
2003-06-05,Neutral
2003-06-06,Neutral
2003-06-09,Neutral
2003-06-10,Neutral
2003-06-11,Neutral
2003-06-12,Neutral
2003-06-13,Neutral
2003-06-16,Neutral
2003-06-17,Neutral
2003-06-18,Neutral
2003-06-19,Neutral
2003-06-20,Neutral
2003-06-23,Neutral
2003-06-24,Neutral
2003-06-25,Neutral
2003-06-26,Pos
2003-06-27,Neutral
2003-06-30,Neg
2003-07-01,Neg
2003-07-02,Pos
2003-07-03,Neutral
2003-07-07,Neutral
2003-07-08,Neg
2003-07-09,Neg
2003-07-10,Neutral
2003-07-11,Neg
2003-07-14,Neg
2003-07-15,Neg
2003-07-16,Neg
2003-07-17,Neutral
2003-07-18,Neutral
2003-07-21,Neg
2003-07-22,Neg
2003-07-23,Neg
2003-07-24,Neg
2003-07-25,Neg
2003-07-28,Neg
2003-07-29,Neg
2003-07-30,Neg
2003-07-31,Neg
2003-08-01,Neg
2003-08-04,Neutral
2003-08-05,Neutral
2003-08-06,Neg
2003-08-07,Neg
2003-08-08,Neg
2003-08-11,Neg
2003-08-12,Pos
2003-08-13,Neg
2003-08-14,Pos
2003-08-15,Pos
2003-08-18,Neg
2003-08-19,Neg
2003-08-20,Neg
2003-08-21,Neutral
2003-08-22,Neg
2003-08-25,Neg
2003-08-26,Neutral
2003-08-27,Neg
2003-08-28,Neg
2003-08-29,Neg
2003-09-02,Neg
2003-09-03,Neutral
2003-09-04,Neutral
2003-09-05,Neutral
2003-09-08,Neutral
2003-09-09,Pos
2003-09-10,Neutral
2003-09-11,Neutral
2003-09-12,Neutral
2003-09-15,Neutral
2003-09-16,Pos
2003-09-17,Pos
2003-09-18,Neutral
2003-09-19,Pos
2003-09-22,Neutral
2003-09-23,Pos
2003-09-24,Pos
2003-09-25,Neutral
2003-09-26,Neutral
2003-09-29,Neg
2003-09-30,Neg
2003-10-01,Pos
2003-10-02,Pos
2003-10-03,Pos
2003-10-06,Neg
2003-10-07,Neutral
2003-10-08,Neg
2003-10-09,Neg
2003-10-10,Pos
2003-10-13,Neutral
2003-10-14,Neutral
2003-10-15,Neg
2003-10-16,Neutral
2003-10-17,Neg
2003-10-20,Neutral
2003-10-21,Neutral
2003-10-22,Neutral
2003-10-23,Neutral
2003-10-24,Neutral
2003-10-27,Neutral
2003-10-28,Neutral
2003-10-29,Pos
2003-10-30,Pos
2003-10-31,Pos
2003-11-03,Neg
2003-11-04,Neutral
2003-11-05,Pos
2003-11-06,Pos
2003-11-07,Neutral
2003-11-10,Neutral
2003-11-11,Neutral
2003-11-12,Neutral
2003-11-13,Neutral
2003-11-14,Neutral
2003-11-17,Neutral
2003-11-18,Neg
2003-11-19,Pos
2003-11-20,Neg
2003-11-21,Pos
2003-11-24,Neutral
2003-11-25,Pos
2003-11-26,Neg
2003-11-28,Neg
2003-12-01,Pos
2003-12-02,Neutral
2003-12-03,Pos
2003-12-04,Neutral
2003-12-05,Pos
2003-12-08,Pos
2003-12-09,Pos
2003-12-10,Pos
2003-12-11,Pos
2003-12-12,Pos
2003-12-15,Pos
2003-12-16,Pos
2003-12-17,Pos
2003-12-18,Neutral
2003-12-19,Pos
2003-12-22,Pos
2003-12-23,Pos
2003-12-24,Pos
2003-12-26,Neutral
2003-12-29,Neutral
2003-12-30,Neutral
2003-12-31,Neutral
2004-01-02,Neutral
2004-01-05,Neutral
2004-01-06,Neutral
2004-01-07,Neutral
2004-01-08,Neutral
2004-01-09,Neutral
2004-01-12,Neutral
2004-01-13,Neutral
2004-01-14,Neutral
2004-01-15,Neutral
2004-01-16,Neutral
2004-01-20,Neutral
2004-01-21,Neutral
2004-01-22,Neutral
2004-01-23,Neutral
2004-01-26,Neutral
2004-01-27,Neutral
2004-01-28,Neutral
2004-01-29,Neutral
2004-01-30,Neutral
2004-02-02,Pos
2004-02-03,Pos
2004-02-04,Neutral
2004-02-05,Neutral
2004-02-06,Neutral
2004-02-09,Neutral
2004-02-10,Pos
2004-02-11,Pos
2004-02-12,Pos
2004-02-13,Neutral
2004-02-17,Pos
2004-02-18,Pos
2004-02-19,Pos
2004-02-20,Pos
2004-02-23,Pos
2004-02-24,Pos
2004-02-25,Pos
2004-02-26,Pos
2004-02-27,Pos
2004-03-01,Pos
2004-03-02,Pos
2004-03-03,Pos
2004-03-04,Pos
2004-03-05,Pos
2004-03-08,Pos
2004-03-09,Neg
2004-03-10,Neg
2004-03-11,Neutral
2004-03-12,Neg
2004-03-15,Neg
2004-03-16,Neg
2004-03-17,Neg
2004-03-18,Neg
2004-03-19,Neg
2004-03-22,Neg
2004-03-23,Neg
2004-03-24,Neg
2004-03-25,Neg
2004-03-26,Neg
2004-03-29,Neg
2004-03-30,Neg
2004-03-31,Neg
2004-04-01,Neg
2004-04-02,Neutral
2004-04-05,Neutral
2004-04-06,Neutral
2004-04-07,Neutral
2004-04-08,Neg
2004-04-12,Pos
2004-04-13,Neg
2004-04-14,Neutral
2004-04-15,Neutral
2004-04-16,Neutral
2004-04-19,Neutral
2004-04-20,Neutral
2004-04-21,Neg
2004-04-22,Neutral
2004-04-23,Pos
2004-04-26,Pos
2004-04-27,Pos
2004-04-28,Neg
2004-04-29,Neg
2004-04-30,Pos
2004-05-03,Neg
2004-05-04,Neg
2004-05-05,Pos
2004-05-06,Pos
2004-05-07,Neg
2004-05-10,Pos
2004-05-11,Pos
2004-05-12,Pos
2004-05-13,Pos
2004-05-14,Pos
2004-05-17,Pos
2004-05-18,Neg
2004-05-19,Pos
2004-05-20,Pos
2004-05-21,Neutral
2004-05-24,Neg
2004-05-25,Neg
2004-05-26,Neg
2004-05-27,Neg
2004-05-28,Neg
2004-06-01,Neg
2004-06-02,Neg
2004-06-03,Neg
2004-06-04,Neg
2004-06-07,Neg
2004-06-08,Neg
2004-06-09,Neg
2004-06-10,Pos
2004-06-14,Neg
2004-06-15,Pos
2004-06-16,Pos
2004-06-17,Neg
2004-06-18,Neg
2004-06-21,Neg
2004-06-22,Neg
2004-06-23,Neg
2004-06-24,Neg
2004-06-25,Neg
2004-06-28,Pos
2004-06-29,Neg
2004-06-30,Neg
2004-07-01,Neutral
2004-07-02,Pos
2004-07-06,Pos
2004-07-07,Neutral
2004-07-08,Neutral
2004-07-09,Pos
2004-07-12,Neutral
2004-07-13,Neg
2004-07-14,Neg
2004-07-15,Pos
2004-07-16,Pos
2004-07-19,Neutral
2004-07-20,Pos
2004-07-21,Neutral
2004-07-22,Pos
2004-07-23,Neg
2004-07-26,Neg
2004-07-27,Neg
2004-07-28,Neg
2004-07-29,Neg
2004-07-30,Neg
2004-08-02,Pos
2004-08-03,Pos
2004-08-04,Pos
2004-08-05,Pos
2004-08-06,Pos
2004-08-09,Pos
2004-08-10,Pos
2004-08-11,Pos
2004-08-12,Pos
2004-08-13,Pos
2004-08-16,Pos
2004-08-17,Pos
2004-08-18,Pos
2004-08-19,Neg
2004-08-20,Neg
2004-08-23,Neutral
2004-08-24,Neutral
2004-08-25,Neutral
2004-08-26,Neutral
2004-08-27,Pos
2004-08-30,Neg
2004-08-31,Neg
2004-09-01,Neg
2004-09-02,Neg
2004-09-03,Neutral
2004-09-07,Neutral
2004-09-08,Neutral
2004-09-09,Neutral
2004-09-10,Pos
2004-09-13,Pos
2004-09-14,Pos
2004-09-15,Pos
2004-09-16,Pos
2004-09-17,Pos
2004-09-20,Pos
2004-09-21,Pos
2004-09-22,Neutral
2004-09-23,Neutral
2004-09-24,Pos
2004-09-27,Pos
2004-09-28,Neutral
2004-09-29,Neutral
2004-09-30,Neutral
2004-10-01,Neutral
2004-10-04,Neutral
2004-10-05,Neutral
2004-10-06,Neutral
2004-10-07,Neg
2004-10-08,Neg
2004-10-11,Neg
2004-10-12,Neutral
2004-10-13,Neutral
2004-10-14,Neutral
2004-10-15,Neutral
2004-10-18,Neg
2004-10-19,Neg
2004-10-20,Neg
2004-10-21,Neg
2004-10-22,Neg
2004-10-25,Neg
2004-10-26,Pos
2004-10-27,Neg
2004-10-28,Neg
2004-10-29,Pos
2004-11-01,Pos
2004-11-02,Pos
2004-11-03,Neutral
2004-11-04,Neutral
2004-11-05,Neutral
2004-11-08,Neutral
2004-11-09,Neutral
2004-11-10,Neutral
2004-11-11,Neutral
2004-11-12,Neutral
2004-11-15,Neutral
2004-11-16,Neutral
2004-11-17,Neutral
2004-11-18,Pos
2004-11-19,Pos
2004-11-22,Pos
2004-11-23,Pos
2004-11-24,Pos
2004-11-26,Pos
2004-11-29,Neutral
2004-11-30,Neutral
2004-12-01,Neutral
2004-12-02,Neutral
2004-12-03,Neutral
2004-12-06,Neutral
2004-12-07,Neutral
2004-12-08,Neutral
2004-12-09,Pos
2004-12-10,Pos
2004-12-13,Pos
2004-12-14,Neutral
2004-12-15,Neutral
2004-12-16,Neutral
2004-12-17,Neutral
2004-12-20,Pos
2004-12-21,Pos
2004-12-22,Pos
2004-12-23,Pos
2004-12-27,Neutral
2004-12-28,Neg
2004-12-29,Neg
2004-12-30,Neg
2004-12-31,Neg
2005-01-03,Neg
2005-01-04,Neutral
2005-01-05,Pos
2005-01-06,Pos
2005-01-07,Pos
2005-01-10,Neutral
2005-01-11,Pos
2005-01-12,Neg
2005-01-13,Neg
2005-01-14,Neg
2005-01-18,Neutral
2005-01-19,Neg
2005-01-20,Neg
2005-01-21,Neg
2005-01-24,Pos
2005-01-25,Neg
2005-01-26,Pos
2005-01-27,Neg
2005-01-28,Neg
2005-01-31,Neg
2005-02-01,Neutral
2005-02-02,Pos
2005-02-03,Pos
2005-02-04,Pos
2005-02-07,Pos
2005-02-08,Pos
2005-02-09,Pos
2005-02-10,Pos
2005-02-11,Neutral
2005-02-14,Neutral
2005-02-15,Neutral
2005-02-16,Neg
2005-02-17,Neutral
2005-02-18,Pos
2005-02-22,Neutral
2005-02-23,Pos
2005-02-24,Neutral
2005-02-25,Pos
2005-02-28,Neg
2005-03-01,Neg
2005-03-02,Neg
2005-03-03,Pos
2005-03-04,Pos
2005-03-07,Pos
2005-03-08,Pos
2005-03-09,Pos
2005-03-10,Pos
2005-03-11,Neutral
2005-03-14,Neg
2005-03-15,Neutral
2005-03-16,Pos
2005-03-17,Pos
2005-03-18,Pos
2005-03-21,Pos
2005-03-22,Pos
2005-03-23,Pos
2005-03-24,Pos
2005-03-28,Pos
2005-03-29,Pos
2005-03-30,Pos
2005-03-31,Pos
2005-04-01,Pos
2005-04-04,Pos
2005-04-05,Pos
2005-04-06,Pos
2005-04-07,Pos
2005-04-08,Pos
2005-04-11,Pos
2005-04-12,Neutral
2005-04-13,Neutral
2005-04-14,Pos
2005-04-15,Pos
2005-04-18,Pos
2005-04-19,Pos
2005-04-20,Pos
2005-04-21,Pos
2005-04-22,Pos
2005-04-25,Pos
2005-04-26,Pos
2005-04-27,Pos
2005-04-28,Neutral
2005-04-29,Pos
2005-05-02,Pos
2005-05-03,Pos
2005-05-04,Pos
2005-05-05,Pos
2005-05-06,Neutral
2005-05-09,Neutral
2005-05-10,Neutral
2005-05-11,Neutral
2005-05-12,Neg
2005-05-13,Neg
2005-05-16,Neg
2005-05-17,Neutral
2005-05-18,Pos
2005-05-19,Neutral
2005-05-20,Neg
2005-05-23,Neg
2005-05-24,Neutral
2005-05-25,Neutral
2005-05-26,Neg
2005-05-27,Neg
2005-05-31,Neutral
2005-06-01,Neutral
2005-06-02,Neutral
2005-06-03,Neutral
2005-06-06,Neutral
2005-06-07,Neutral
2005-06-08,Neutral
2005-06-09,Neutral
2005-06-10,Neutral
2005-06-13,Neg
2005-06-14,Neg
2005-06-15,Neutral
2005-06-16,Neutral
2005-06-17,Neutral
2005-06-20,Neg
2005-06-21,Neg
2005-06-22,Neg
2005-06-23,Neutral
2005-06-24,Neutral
2005-06-27,Pos
2005-06-28,Pos
2005-06-29,Pos
2005-06-30,Pos
2005-07-01,Pos
2005-07-05,Pos
2005-07-06,Pos
2005-07-07,Pos
2005-07-08,Pos
2005-07-11,Pos
2005-07-12,Pos
2005-07-13,Pos
2005-07-14,Pos
2005-07-15,Pos
2005-07-18,Neutral
2005-07-19,Neutral
2005-07-20,Neutral
2005-07-21,Neutral
2005-07-22,Neutral
2005-07-25,Neutral
2005-07-26,Pos
2005-07-27,Pos
2005-07-28,Pos
2005-07-29,Neg
2005-08-01,Neg
2005-08-02,Neg
2005-08-03,Neg
2005-08-04,Neg
2005-08-05,Neg
2005-08-08,Neg
2005-08-09,Neg
2005-08-10,Neg
2005-08-11,Neg
2005-08-12,Neg
2005-08-15,Neg
2005-08-16,Neutral
2005-08-17,Neutral
2005-08-18,Neutral
2005-08-19,Neutral
2005-08-22,Neutral
2005-08-23,Neutral
2005-08-24,Neutral
2005-08-25,Neutral
2005-08-26,Neutral
2005-08-29,Neutral
2005-08-30,Neutral
2005-08-31,Neutral
2005-09-01,Neutral
2005-09-02,Neutral
2005-09-06,Neutral
2005-09-07,Neutral
2005-09-08,Neutral
2005-09-09,Neutral
2005-09-12,Neutral
2005-09-13,Neutral
2005-09-14,Neutral
2005-09-15,Neutral
2005-09-16,Neutral
2005-09-19,Neutral
2005-09-20,Neutral
2005-09-21,Pos
2005-09-22,Pos
2005-09-23,Pos
2005-09-26,Pos
2005-09-27,Neutral
2005-09-28,Neutral
2005-09-29,Neutral
2005-09-30,Neutral
2005-10-03,Neutral
2005-10-04,Neutral
2005-10-05,Pos
2005-10-06,Pos
2005-10-07,Pos
2005-10-10,Pos
2005-10-11,Pos
2005-10-12,Neutral
2005-10-13,Neutral
2005-10-14,Neutral
2005-10-17,Neutral
2005-10-18,Neutral
2005-10-19,Neutral
2005-10-20,Neutral
2005-10-21,Neutral
2005-10-24,Pos
2005-10-25,Pos
2005-10-26,Pos
2005-10-27,Neutral
2005-10-28,Neutral
2005-10-31,Neutral
2005-11-01,Neutral
2005-11-02,Neutral
2005-11-03,Neutral
2005-11-04,Neutral
2005-11-07,Neutral
2005-11-08,Neutral
2005-11-09,Neutral
2005-11-10,Neutral
2005-11-11,Neutral
2005-11-14,Neutral
2005-11-15,Neutral
2005-11-16,Neutral
2005-11-17,Neg
2005-11-18,Neg
2005-11-21,Neutral
2005-11-22,Neutral
2005-11-23,Neutral
2005-11-25,Neutral
2005-11-28,Neutral
2005-11-29,Neutral
2005-11-30,Neutral
2005-12-01,Neutral
2005-12-02,Pos
2005-12-05,Pos
2005-12-06,Pos
2005-12-07,Neutral
2005-12-08,Pos
2005-12-09,Pos
2005-12-12,Pos
2005-12-13,Neutral
2005-12-14,Pos
2005-12-15,Neutral
2005-12-16,Neutral
2005-12-19,Neutral
2005-12-20,Neutral
2005-12-21,Neutral
2005-12-22,Neutral
2005-12-23,Neutral
2005-12-27,Neutral
2005-12-28,Neutral
2005-12-29,Neutral
2005-12-30,Neutral
2006-01-03,Neutral
2006-01-04,Neg
2006-01-05,Neg
2006-01-06,Neg
2006-01-09,Pos
2006-01-10,Neutral
2006-01-11,Neutral
2006-01-12,Neutral
2006-01-13,Pos
2006-01-17,Neutral
2006-01-18,Neutral
2006-01-19,Neutral
2006-01-20,Neutral
2006-01-23,Neg
2006-01-24,Pos
2006-01-25,Pos
2006-01-26,Neutral
2006-01-27,Neutral
2006-01-30,Neg
2006-01-31,Pos
2006-02-01,Neg
2006-02-02,Pos
2006-02-03,Pos
2006-02-06,Pos
2006-02-07,Pos
2006-02-08,Pos
2006-02-09,Pos
2006-02-10,Pos
2006-02-13,Pos
2006-02-14,Pos
2006-02-15,Pos
2006-02-16,Pos
2006-02-17,Pos
2006-02-21,Neutral
2006-02-22,Neutral
2006-02-23,Pos
2006-02-24,Neutral
2006-02-27,Neutral
2006-02-28,Neutral
2006-03-01,Neutral
2006-03-02,Neutral
2006-03-03,Neutral
2006-03-06,Neutral
2006-03-07,Neutral
2006-03-08,Neg
2006-03-09,Pos
2006-03-10,Pos
2006-03-13,Pos
2006-03-14,Neutral
2006-03-15,Neutral
2006-03-16,Neutral
2006-03-17,Neg
2006-03-20,Neg
2006-03-21,Pos
2006-03-22,Neg
2006-03-23,Neutral
2006-03-24,Neutral
2006-03-27,Neutral
2006-03-28,Neutral
2006-03-29,Neg
2006-03-30,Neg
2006-03-31,Neg
2006-04-03,Neg
2006-04-04,Neg
2006-04-05,Pos
2006-04-06,Pos
2006-04-07,Pos
2006-04-10,Pos
2006-04-11,Pos
2006-04-12,Pos
2006-04-13,Pos
2006-04-17,Pos
2006-04-18,Neutral
2006-04-19,Neutral
2006-04-20,Neutral
2006-04-21,Neutral
2006-04-24,Neutral
2006-04-25,Pos
2006-04-26,Neutral
2006-04-27,Neutral
2006-04-28,Neutral
2006-05-01,Neutral
2006-05-02,Neutral
2006-05-03,Neutral
2006-05-04,Neutral
2006-05-05,Neutral
2006-05-08,Neutral
2006-05-09,Neutral
2006-05-10,Neutral
2006-05-11,Pos
2006-05-12,Pos
2006-05-15,Pos
2006-05-16,Pos
2006-05-17,Pos
2006-05-18,Neg
2006-05-19,Neutral
2006-05-22,Neutral
2006-05-23,Neutral
2006-05-24,Neutral
2006-05-25,Pos
2006-05-26,Pos
2006-05-30,Neutral
2006-05-31,Pos
2006-06-01,Pos
2006-06-02,Neutral
2006-06-05,Pos
2006-06-06,Neutral
2006-06-07,Pos
2006-06-08,Neutral
2006-06-09,Pos
2006-06-12,Pos
2006-06-13,Pos
2006-06-14,Pos
2006-06-15,Neutral
2006-06-16,Pos
2006-06-19,Neutral
2006-06-20,Neutral
2006-06-21,Neutral
2006-06-22,Neutral
2006-06-23,Neutral
2006-06-26,Neutral
2006-06-27,Neutral
2006-06-28,Neutral
2006-06-29,Pos
2006-06-30,Pos
2006-07-03,Pos
2006-07-05,Pos
2006-07-06,Neutral
2006-07-07,Neutral
2006-07-10,Neutral
2006-07-11,Neutral
2006-07-12,Pos
2006-07-13,Neutral
2006-07-14,Pos
2006-07-17,Pos
2006-07-18,Pos
2006-07-19,Neg
2006-07-20,Neutral
2006-07-21,Neutral
2006-07-24,Neg
2006-07-25,Pos
2006-07-26,Neutral
2006-07-27,Neutral
2006-07-28,Pos
2006-07-31,Neutral
2006-08-01,Neutral
2006-08-02,Neutral
2006-08-03,Neutral
2006-08-04,Neutral
2006-08-07,Neutral
2006-08-08,Neutral
2006-08-09,Neutral
2006-08-10,Neutral
2006-08-11,Neutral
2006-08-14,Neutral
2006-08-15,Neg
2006-08-16,Neutral
2006-08-17,Neg
2006-08-18,Neutral
2006-08-21,Neutral
2006-08-22,Neutral
2006-08-23,Neutral
2006-08-24,Neg
2006-08-25,Neutral
2006-08-28,Neutral
2006-08-29,Neutral
2006-08-30,Neutral
2006-08-31,Neutral
2006-09-01,Neg
2006-09-05,Neg
2006-09-06,Neg
2006-09-07,Neutral
2006-09-08,Neutral
2006-09-11,Neutral
2006-09-12,Neg
2006-09-13,Neg
2006-09-14,Neg
2006-09-15,Neg
2006-09-18,Neg
2006-09-19,Neg
2006-09-20,Neutral
2006-09-21,Neutral
2006-09-22,Neutral
2006-09-25,Neutral
2006-09-26,Neg
2006-09-27,Neg
2006-09-28,Neg
2006-09-29,Neg
2006-10-02,Neg
2006-10-03,Neg
2006-10-04,Neg
2006-10-05,Neg
2006-10-06,Neg
2006-10-09,Neg
2006-10-10,Neg
2006-10-11,Neg
2006-10-12,Neg
2006-10-13,Neutral
2006-10-16,Neutral
2006-10-17,Neg
2006-10-18,Neg
2006-10-19,Neutral
2006-10-20,Neutral
2006-10-23,Neutral
2006-10-24,Neg
2006-10-25,Neg
2006-10-26,Neg
2006-10-27,Neutral
2006-10-30,Pos
2006-10-31,Pos
2006-11-01,Pos
2006-11-02,Pos
2006-11-03,Pos
2006-11-06,Neutral
2006-11-07,Neutral
2006-11-08,Neutral
2006-11-09,Neutral
2006-11-10,Neutral
2006-11-13,Neutral
2006-11-14,Neutral
2006-11-15,Neutral
2006-11-16,Neutral
2006-11-17,Neg
2006-11-20,Neg
2006-11-21,Neg
2006-11-22,Neg
2006-11-24,Pos
2006-11-27,Neg
2006-11-28,Neg
2006-11-29,Pos
2006-11-30,Pos
2006-12-01,Pos
2006-12-04,Pos
2006-12-05,Neutral
2006-12-06,Neg
2006-12-07,Neg
2006-12-08,Pos
2006-12-11,Pos
2006-12-12,Pos
2006-12-13,Pos
2006-12-14,Pos
2006-12-15,Pos
2006-12-18,Pos
2006-12-19,Pos
2006-12-20,Pos
2006-12-21,Pos
2006-12-22,Pos
2006-12-26,Pos
2006-12-27,Pos
2006-12-28,Pos
2006-12-29,Pos
2007-01-03,Pos
2007-01-04,Pos
2007-01-05,Pos
2007-01-08,Pos
2007-01-09,Pos
2007-01-10,Pos
2007-01-11,Pos
2007-01-12,Neutral
2007-01-16,Neutral
2007-01-17,Neg
2007-01-18,Neg
2007-01-19,Neg
2007-01-22,Pos
2007-01-23,Neg
2007-01-24,Neg
2007-01-25,Neg
2007-01-26,Pos
2007-01-29,Pos
2007-01-30,Neutral
2007-01-31,Neutral
2007-02-01,Neutral
2007-02-02,Neg
2007-02-05,Neg
2007-02-06,Neg
2007-02-07,Neg
2007-02-08,Neutral
2007-02-09,Neg
2007-02-12,Neutral
2007-02-13,Neutral
2007-02-14,Neg
2007-02-15,Pos
2007-02-16,Pos
2007-02-20,Pos
2007-02-21,Neg
2007-02-22,Neutral
2007-02-23,Neutral
2007-02-26,Pos
2007-02-27,Neutral
2007-02-28,Neutral
2007-03-01,Neutral
2007-03-02,Neutral
2007-03-05,Neutral
2007-03-06,Pos
2007-03-07,Pos
2007-03-08,Pos
2007-03-09,Pos
2007-03-12,Neg
2007-03-13,Pos
2007-03-14,Pos
2007-03-15,Pos
2007-03-16,Pos
2007-03-19,Pos
2007-03-20,Pos
2007-03-21,Pos
2007-03-22,Neutral
2007-03-23,Neutral
2007-03-26,Neutral
2007-03-27,Neutral
2007-03-28,Pos
2007-03-29,Pos
2007-03-30,Pos
2007-04-02,Pos
2007-04-03,Neutral
2007-04-04,Neutral
2007-04-05,Neutral
2007-04-09,Neutral
2007-04-10,Neutral
2007-04-11,Neutral
2007-04-12,Neutral
2007-04-13,Neutral
2007-04-16,Neutral
2007-04-17,Neutral
2007-04-18,Neutral
2007-04-19,Neutral
2007-04-20,Neutral
2007-04-23,Neutral
2007-04-24,Neutral
2007-04-25,Neutral
2007-04-26,Neutral
2007-04-27,Neutral
2007-04-30,Neutral
2007-05-01,Neutral
2007-05-02,Neutral
2007-05-03,Neutral
2007-05-04,Pos
2007-05-07,Pos
2007-05-08,Pos
2007-05-09,Pos
2007-05-10,Pos
2007-05-11,Pos
2007-05-14,Pos
2007-05-15,Pos
2007-05-16,Pos
2007-05-17,Pos
2007-05-18,Neutral
2007-05-21,Pos
2007-05-22,Pos
2007-05-23,Pos
2007-05-24,Pos
2007-05-25,Pos
2007-05-29,Pos
2007-05-30,Pos
2007-05-31,Pos
2007-06-01,Pos
2007-06-04,Pos
2007-06-05,Pos
2007-06-06,Pos
2007-06-07,Pos
2007-06-08,Pos
2007-06-11,Pos
2007-06-12,Pos
2007-06-13,Pos
2007-06-14,Pos
2007-06-15,Pos
2007-06-18,Pos
2007-06-19,Neutral
2007-06-20,Pos
2007-06-21,Pos
2007-06-22,Pos
2007-06-25,Pos
2007-06-26,Pos
2007-06-27,Pos
2007-06-28,Pos
2007-06-29,Pos
2007-07-02,Pos
2007-07-03,Pos
2007-07-05,Neutral
2007-07-06,Neutral
2007-07-09,Neutral
2007-07-10,Pos
2007-07-11,Neutral
2007-07-12,Neutral
2007-07-13,Neutral
2007-07-16,Pos
2007-07-17,Pos
2007-07-18,Pos
2007-07-19,Pos
2007-07-20,Pos
2007-07-23,Pos
2007-07-24,Pos
2007-07-25,Pos
2007-07-26,Pos
2007-07-27,Pos
2007-07-30,Pos
2007-07-31,Pos
2007-08-01,Neutral
2007-08-02,Pos
2007-08-03,Pos
2007-08-06,Pos
2007-08-07,Neutral
2007-08-08,Neutral
2007-08-09,Neutral
2007-08-10,Neutral
2007-08-13,Pos
2007-08-14,Pos
2007-08-15,Pos
2007-08-16,Pos
2007-08-17,Pos
2007-08-20,Pos
2007-08-21,Pos
2007-08-22,Pos
2007-08-23,Pos
2007-08-24,Pos
2007-08-27,Pos
2007-08-28,Pos
2007-08-29,Pos
2007-08-30,Pos
2007-08-31,Pos
2007-09-04,Pos
2007-09-05,Pos
2007-09-06,Pos
2007-09-07,Pos
2007-09-10,Pos
2007-09-11,Neutral
2007-09-12,Neutral
2007-09-13,Pos
2007-09-14,Pos
2007-09-17,Pos
2007-09-18,Pos
2007-09-19,Pos
2007-09-20,Pos
2007-09-21,Pos
2007-09-24,Pos
2007-09-25,Pos
2007-09-26,Pos
2007-09-27,Pos
2007-09-28,Pos
2007-10-01,Pos
2007-10-02,Pos
2007-10-03,Pos
2007-10-04,Pos
2007-10-05,Pos
2007-10-08,Pos
2007-10-09,Pos
2007-10-10,Pos
2007-10-11,Pos
2007-10-12,Pos
2007-10-15,Pos
2007-10-16,Pos
2007-10-17,Pos
2007-10-18,Pos
2007-10-19,Pos
2007-10-22,Pos
2007-10-23,Neutral
2007-10-24,Neutral
2007-10-25,Neutral
2007-10-26,Pos
2007-10-29,Neutral
2007-10-30,Neutral
2007-10-31,Neutral
2007-11-01,Pos
2007-11-02,Neutral
2007-11-05,Neutral
2007-11-06,Neutral
2007-11-07,Neutral
2007-11-08,Pos
2007-11-09,Pos
2007-11-12,Neutral
2007-11-13,Neutral
2007-11-14,Neutral
2007-11-15,Neutral
2007-11-16,Neutral
2007-11-19,Neutral
2007-11-20,Neutral
2007-11-21,Pos
2007-11-23,Neutral
2007-11-26,Pos
2007-11-27,Pos
2007-11-28,Neutral
2007-11-29,Pos
2007-11-30,Neutral
2007-12-03,Pos
2007-12-04,Pos
2007-12-05,Neutral
2007-12-06,Neutral
2007-12-07,Neutral
2007-12-10,Neutral
2007-12-11,Pos
2007-12-12,Neutral
2007-12-13,Neutral
2007-12-14,Pos
2007-12-17,Pos
2007-12-18,Neutral
2007-12-19,Neutral
2007-12-20,Neutral
2007-12-21,Neutral
2007-12-24,Pos
2007-12-26,Neutral
2007-12-27,Pos
2007-12-28,Pos
2007-12-31,Pos
2008-01-02,Pos
2008-01-03,Neutral
2008-01-04,Neutral
2008-01-07,Neutral
2008-01-08,Pos
2008-01-09,Neutral
2008-01-10,Neutral
2008-01-11,Neutral
2008-01-14,Neutral
2008-01-15,Neutral
2008-01-16,Pos
2008-01-17,Pos
2008-01-18,Pos
2008-01-22,Pos
2008-01-23,Pos
2008-01-24,Pos
2008-01-25,Pos
2008-01-28,Pos
2008-01-29,Neutral
2008-01-30,Pos
2008-01-31,Pos
2008-02-01,Pos
2008-02-04,Pos
2008-02-05,Pos
2008-02-06,Pos
2008-02-07,Pos
2008-02-08,Pos
2008-02-11,Pos
2008-02-12,Pos
2008-02-13,Pos
2008-02-14,Pos
2008-02-15,Pos
2008-02-19,Pos
2008-02-20,Pos
2008-02-21,Pos
2008-02-22,Pos
2008-02-25,Pos
2008-02-26,Pos
2008-02-27,Pos
2008-02-28,Pos
2008-02-29,Pos
2008-03-03,Pos
2008-03-04,Pos
2008-03-05,Neg
2008-03-06,Pos
2008-03-07,Pos
2008-03-10,Pos
2008-03-11,Neg
2008-03-12,Neutral
2008-03-13,Pos
2008-03-14,Neutral
2008-03-17,Neutral
2008-03-18,Neutral
2008-03-19,Neutral
2008-03-20,Neutral
2008-03-24,Neg
2008-03-25,Neg
2008-03-26,Neg
2008-03-27,Pos
2008-03-28,Pos
2008-03-31,Pos
2008-04-01,Neutral
2008-04-02,Neutral
2008-04-03,Neutral
2008-04-04,Neutral
2008-04-07,Neutral
2008-04-08,Neutral
2008-04-09,Neg
2008-04-10,Neg
2008-04-11,Neg
2008-04-14,Neg
2008-04-15,Neg
2008-04-16,Neg
2008-04-17,Neg
2008-04-18,Neutral
2008-04-21,Neutral
2008-04-22,Neg
2008-04-23,Neg
2008-04-24,Neg
2008-04-25,Neutral
2008-04-28,Neutral
2008-04-29,Neutral
2008-04-30,Pos
2008-05-01,Pos
2008-05-02,Neutral
2008-05-05,Neg
2008-05-06,Neutral
2008-05-07,Pos
2008-05-08,Neg
2008-05-09,Neg
2008-05-12,Pos
2008-05-13,Pos
2008-05-14,Pos
2008-05-15,Pos
2008-05-16,Pos
2008-05-19,Neg
2008-05-20,Neg
2008-05-21,Neg
2008-05-22,Neg
2008-05-23,Neg
2008-05-27,Neg
2008-05-28,Pos
2008-05-29,Pos
2008-05-30,Pos
2008-06-02,Pos
2008-06-03,Neg
2008-06-04,Neutral
2008-06-05,Pos
2008-06-06,Neutral
2008-06-09,Neutral
2008-06-10,Neutral
2008-06-11,Neutral
2008-06-12,Neutral
2008-06-13,Neutral
2008-06-16,Neutral
2008-06-17,Neutral
2008-06-18,Neutral
2008-06-19,Neutral
2008-06-20,Neutral
2008-06-23,Neutral
2008-06-24,Neutral
2008-06-25,Neutral
2008-06-26,Pos
2008-06-27,Neutral
2008-06-30,Neutral
2008-07-01,Neutral
2008-07-02,Neutral
2008-07-03,Neutral
2008-07-07,Pos
2008-07-08,Neutral
2008-07-09,Pos
2008-07-10,Pos
2008-07-11,Pos
2008-07-14,Pos
2008-07-15,Pos
2008-07-16,Pos
2008-07-17,Pos
2008-07-18,Pos
2008-07-21,Neg
2008-07-22,Neg
2008-07-23,Pos
2008-07-24,Neg
2008-07-25,Neutral
2008-07-28,Neutral
2008-07-29,Neutral
2008-07-30,Neg
2008-07-31,Neg
2008-08-01,Neg
2008-08-04,Neg
2008-08-05,Neg
2008-08-06,Neg
2008-08-07,Pos
2008-08-08,Pos
2008-08-11,Pos
2008-08-12,Pos
2008-08-13,Pos
2008-08-14,Pos
2008-08-15,Pos
2008-08-18,Pos
2008-08-19,Pos
2008-08-20,Pos
2008-08-21,Pos
2008-08-22,Neutral
2008-08-25,Neg
2008-08-26,Neg
2008-08-27,Neg
2008-08-28,Pos
2008-08-29,Neg
2008-09-02,Neg
2008-09-03,Neg
2008-09-04,Neg
2008-09-05,Neg
2008-09-08,Neg
2008-09-09,Neg
2008-09-10,Neg
2008-09-11,Neg
2008-09-12,Neg
2008-09-15,Neg
2008-09-16,Neg
2008-09-17,Pos
2008-09-18,Neg
2008-09-19,Neutral
2008-09-22,Neutral
2008-09-23,Pos
2008-09-24,Neutral
2008-09-25,Pos
2008-09-26,Pos
2008-09-29,Pos
2008-09-30,Pos
2008-10-01,Pos
2008-10-02,Pos
2008-10-03,Neutral
2008-10-06,Pos
2008-10-07,Neutral
2008-10-08,Pos
2008-10-09,Pos
2008-10-10,Pos
2008-10-13,Neutral
2008-10-14,Neutral
2008-10-15,Neutral
2008-10-16,Neutral
2008-10-17,Neutral
2008-10-20,Neutral
2008-10-21,Neutral
2008-10-22,Neutral
2008-10-23,Neutral
2008-10-24,Neutral
2008-10-27,Neutral
2008-10-28,Neutral
2008-10-29,Pos
2008-10-30,Pos
2008-10-31,Neg
2008-11-03,Neg
2008-11-04,Neutral
2008-11-05,Pos
2008-11-06,Neg
2008-11-07,Neutral
2008-11-10,Neutral
2008-11-11,Pos
2008-11-12,Neutral
2008-11-13,Neutral
2008-11-14,Pos
2008-11-17,Neg
2008-11-18,Neutral
2008-11-19,Neutral
2008-11-20,Neg
2008-11-21,Neg
2008-11-24,Neg
2008-11-25,Neg
2008-11-26,Neg
2008-11-28,Neutral
2008-12-01,Neutral
2008-12-02,Neutral
2008-12-03,Neutral
2008-12-04,Neg
2008-12-05,Neg
2008-12-08,Neg
2008-12-09,Neg
2008-12-10,Neg
2008-12-11,Neg
2008-12-12,Neutral
2008-12-15,Pos
2008-12-16,Neutral
2008-12-17,Neutral
2008-12-18,Neutral
2008-12-19,Neutral
2008-12-22,Neg
2008-12-23,Neutral
2008-12-24,Neutral
2008-12-26,Neg
2008-12-29,Neutral
2008-12-30,Neutral
2008-12-31,Neutral
2009-01-02,Neutral
2009-01-05,Neutral
2009-01-06,Neutral
2009-01-07,Neutral
2009-01-08,Neutral
2009-01-09,Neg
2009-01-12,Neg
2009-01-13,Neg
2009-01-14,Neg
2009-01-15,Neg
2009-01-16,Neg
2009-01-20,Neg
2009-01-21,Neg
2009-01-22,Neg
2009-01-23,Neutral
2009-01-26,Neutral
2009-01-27,Neutral
2009-01-28,Neutral
2009-01-29,Neutral
2009-01-30,Neutral
2009-02-02,Neutral
2009-02-03,Neg
2009-02-04,Pos
2009-02-05,Pos
2009-02-06,Neutral
2009-02-09,Neutral
2009-02-10,Pos
2009-02-11,Pos
2009-02-12,Pos
2009-02-13,Neutral
2009-02-17,Neg
2009-02-18,Neutral
2009-02-19,Neutral
2009-02-20,Neutral
2009-02-23,Neutral
2009-02-24,Neutral
2009-02-25,Neutral
2009-02-26,Pos
2009-02-27,Pos
2009-03-02,Pos
2009-03-03,Pos
2009-03-04,Neutral
2009-03-05,Neutral
2009-03-06,Neutral
2009-03-09,Pos
2009-03-10,Neutral
2009-03-11,Neutral
2009-03-12,Neutral
2009-03-13,Neutral
2009-03-16,Neg
2009-03-17,Neg
2009-03-18,Neg
2009-03-19,Neg
2009-03-20,Neg
2009-03-23,Neg
2009-03-24,Neg
2009-03-25,Neg
2009-03-26,Neg
2009-03-27,Neg
2009-03-30,Neg
2009-03-31,Neg
2009-04-01,Neutral
2009-04-02,Neutral
2009-04-03,Neutral
2009-04-06,Neutral
2009-04-07,Neg
2009-04-08,Neutral
2009-04-09,Neutral
2009-04-13,Neutral
2009-04-14,Neutral
2009-04-15,Neutral
2009-04-16,Neutral
2009-04-17,Neutral
2009-04-20,Neutral
2009-04-21,Neg
2009-04-22,Neutral
2009-04-23,Neg
2009-04-24,Neutral
2009-04-27,Neg
2009-04-28,Neg
2009-04-29,Neg
2009-04-30,Neg
2009-05-01,Neg
2009-05-04,Neutral
2009-05-05,Neutral
2009-05-06,Neutral
2009-05-07,Neg
2009-05-08,Neg
2009-05-11,Neg
2009-05-12,Neg
2009-05-13,Neg
2009-05-14,Neutral
2009-05-15,Neutral
2009-05-18,Neg
2009-05-19,Neg
2009-05-20,Neg
2009-05-21,Neg
2009-05-22,Neg
2009-05-26,Neg
2009-05-27,Neg
2009-05-28,Neg
2009-05-29,Neg
2009-06-01,Neg
2009-06-02,Neg
2009-06-03,Neg
2009-06-04,Neg
2009-06-05,Neg
2009-06-08,Neg
2009-06-09,Neg
2009-06-10,Neg
2009-06-11,Neg
2009-06-12,Neg
2009-06-15,Neg
2009-06-16,Neg
2009-06-17,Neg
2009-06-18,Neg
2009-06-19,Neg
2009-06-22,Neg
2009-06-23,Neg
2009-06-24,Neg
2009-06-25,Neg
2009-06-26,Neg
2009-06-29,Neg
2009-06-30,Neg
2009-07-01,Neg
2009-07-02,Neg
2009-07-06,Neg
2009-07-07,Neg
2009-07-08,Neg
2009-07-09,Neg
2009-07-10,Neutral
2009-07-13,Neg
2009-07-14,Neg
2009-07-15,Neutral
2009-07-16,Neutral
2009-07-17,Neg
2009-07-20,Neg
2009-07-21,Neg
2009-07-22,Pos
2009-07-23,Neutral
2009-07-24,Pos
2009-07-27,Pos
2009-07-28,Pos
2009-07-29,Pos
2009-07-30,Pos
2009-07-31,Pos
2009-08-03,Neutral
2009-08-04,Neutral
2009-08-05,Neutral
2009-08-06,Neg
2009-08-07,Neutral
2009-08-10,Neg
2009-08-11,Neg
2009-08-12,Neg
2009-08-13,Neg
2009-08-14,Neg
2009-08-17,Neg
2009-08-18,Neg
2009-08-19,Neg
2009-08-20,Neg
2009-08-21,Neutral
2009-08-24,Neutral
2009-08-25,Neutral
2009-08-26,Neg
2009-08-27,Neg
2009-08-28,Neg
2009-08-31,Neg
2009-09-01,Neg
2009-09-02,Neg
2009-09-03,Neg
2009-09-04,Neutral
2009-09-08,Neutral
2009-09-09,Neg
2009-09-10,Neg
2009-09-11,Neg
2009-09-14,Neg
2009-09-15,Neg
2009-09-16,Neutral
2009-09-17,Neutral
2009-09-18,Neg
2009-09-21,Neg
2009-09-22,Neg
2009-09-23,Neg
2009-09-24,Neg
2009-09-25,Neg
2009-09-28,Neutral
2009-09-29,Neutral
2009-09-30,Neutral
2009-10-01,Neg
2009-10-02,Neg
2009-10-05,Neutral
2009-10-06,Neutral
2009-10-07,Neg
2009-10-08,Neutral
2009-10-09,Neutral
2009-10-12,Neutral
2009-10-13,Neutral
2009-10-14,Neg
2009-10-15,Neutral
2009-10-16,Neg
2009-10-19,Neg
2009-10-20,Neg
2009-10-21,Neg
2009-10-22,Neg
2009-10-23,Neg
2009-10-26,Neg
2009-10-27,Neg
2009-10-28,Neg
2009-10-29,Neg
2009-10-30,Neg
2009-11-02,Neg
2009-11-03,Neg
2009-11-04,Neg
2009-11-05,Neg
2009-11-06,Pos
2009-11-09,Pos
2009-11-10,Pos
2009-11-11,Pos
2009-11-12,Pos
2009-11-13,Pos
2009-11-16,Pos
2009-11-17,Pos
2009-11-18,Neg
2009-11-19,Neg
2009-11-20,Neg
2009-11-23,Neg
2009-11-24,Neg
2009-11-25,Neg
2009-11-27,Neg
2009-11-30,Neg
2009-12-01,Neg
2009-12-02,Neg
2009-12-03,Neg
2009-12-04,Neg
2009-12-07,Neg
2009-12-08,Neg
2009-12-09,Neg
2009-12-10,Neg
2009-12-11,Neg
2009-12-14,Neg
2009-12-15,Neg
2009-12-16,Neg
2009-12-17,Neg
2009-12-18,Neg
2009-12-21,Neg
2009-12-22,Neg
2009-12-23,Neg
2009-12-24,Neg
2009-12-28,Neg
2009-12-29,Neg
2009-12-30,Neg
2009-12-31,Neg
2010-01-04,Neg
2010-01-05,Neg
2010-01-06,Neg
2010-01-07,Neg
2010-01-08,Neg
2010-01-11,Neg
2010-01-12,Neg
2010-01-13,Neg
2010-01-14,Neg
2010-01-15,Neg
2010-01-19,Neg
2010-01-20,Neg
2010-01-21,Neg
2010-01-22,Neg
2010-01-25,Neg
2010-01-26,Neg
2010-01-27,Neg
2010-01-28,Neg
2010-01-29,Neg
2010-02-01,Neg
2010-02-02,Pos
2010-02-03,Neg
2010-02-04,Neg
2010-02-05,Neg
2010-02-08,Neg
2010-02-09,Neg
2010-02-10,Neg
2010-02-11,Neg
2010-02-12,Neg
2010-02-16,Pos
2010-02-17,Pos
2010-02-18,Pos
2010-02-19,Pos
2010-02-22,Pos
2010-02-23,Pos
2010-02-24,Neg
2010-02-25,Neg
2010-02-26,Neg
2010-03-01,Neg
2010-03-02,Neg
2010-03-03,Neg
2010-03-04,Neg
2010-03-05,Neutral
2010-03-08,Neutral
2010-03-09,Neutral
2010-03-10,Neutral
2010-03-11,Neutral
2010-03-12,Neutral
2010-03-15,Neutral
2010-03-16,Neutral
2010-03-17,Neutral
2010-03-18,Neutral
2010-03-19,Neutral
2010-03-22,Neutral
2010-03-23,Neutral
2010-03-24,Neutral
2010-03-25,Neutral
2010-03-26,Neutral
2010-03-29,Neutral
2010-03-30,Neutral
2010-03-31,Neutral
2010-04-01,Neutral
2010-04-05,Neutral
2010-04-06,Neutral
2010-04-07,Neutral
2010-04-08,Neutral
2010-04-09,Neutral
2010-04-12,Neutral
2010-04-13,Neutral
2010-04-14,Neutral
2010-04-15,Neutral
2010-04-16,Pos
2010-04-19,Neutral
2010-04-20,Neutral
2010-04-21,Neutral
2010-04-22,Neutral
2010-04-23,Neutral
2010-04-26,Neg
2010-04-27,Neg
2010-04-28,Pos
2010-04-29,Pos
2010-04-30,Pos
2010-05-03,Neg
2010-05-04,Pos
2010-05-05,Pos
2010-05-06,Pos
2010-05-07,Pos
2010-05-10,Neg
2010-05-11,Pos
2010-05-12,Pos
2010-05-13,Neutral
2010-05-14,Pos
2010-05-17,Pos
2010-05-18,Pos
2010-05-19,Pos
2010-05-20,Pos
2010-05-21,Pos
2010-05-24,Pos
2010-05-25,Pos
2010-05-26,Pos
2010-05-27,Pos
2010-05-28,Pos
2010-06-01,Pos
2010-06-02,Pos
2010-06-03,Pos
2010-06-04,Pos
2010-06-07,Pos
2010-06-08,Pos
2010-06-09,Pos
2010-06-10,Pos
2010-06-11,Neutral
2010-06-14,Neutral
2010-06-15,Neutral
2010-06-16,Neutral
2010-06-17,Neutral
2010-06-18,Neutral
2010-06-21,Neutral
2010-06-22,Neutral
2010-06-23,Neutral
2010-06-24,Neutral
2010-06-25,Neutral
2010-06-28,Neutral
2010-06-29,Neutral
2010-06-30,Neutral
2010-07-01,Neutral
2010-07-02,Neutral
2010-07-06,Neutral
2010-07-07,Neg
2010-07-08,Neg
2010-07-09,Neg
2010-07-12,Neg
2010-07-13,Neg
2010-07-14,Neg
2010-07-15,Neutral
2010-07-16,Neutral
2010-07-19,Neutral
2010-07-20,Neutral
2010-07-21,Neutral
2010-07-22,Neg
2010-07-23,Neutral
2010-07-26,Neutral
2010-07-27,Neutral
2010-07-28,Neutral
2010-07-29,Neutral
2010-07-30,Pos
2010-08-02,Neutral
2010-08-03,Neutral
2010-08-04,Neg
2010-08-05,Neg
2010-08-06,Neg
2010-08-09,Neg
2010-08-10,Neg
2010-08-11,Neg
2010-08-12,Neutral
2010-08-13,Neutral
2010-08-16,Neg
2010-08-17,Neg
2010-08-18,Neg
2010-08-19,Pos
2010-08-20,Pos
2010-08-23,Pos
2010-08-24,Pos
2010-08-25,Pos
2010-08-26,Pos
2010-08-27,Pos
2010-08-30,Pos
2010-08-31,Pos
2010-09-01,Pos
2010-09-02,Pos
2010-09-03,Neg
2010-09-07,Pos
2010-09-08,Pos
2010-09-09,Neg
2010-09-10,Neutral
2010-09-13,Neutral
2010-09-14,Neutral
2010-09-15,Neutral
2010-09-16,Neutral
2010-09-17,Neutral
2010-09-20,Neutral
2010-09-21,Neutral
2010-09-22,Neutral
2010-09-23,Neutral
2010-09-24,Neutral
2010-09-27,Neutral
2010-09-28,Neutral
2010-09-29,Neutral
2010-09-30,Neutral
2010-10-01,Neutral
2010-10-04,Neutral
2010-10-05,Neg
2010-10-06,Neg
2010-10-07,Neg
2010-10-08,Neg
2010-10-11,Neg
2010-10-12,Neg
2010-10-13,Neg
2010-10-14,Neg
2010-10-15,Neg
2010-10-18,Neg
2010-10-19,Neutral
2010-10-20,Neutral
2010-10-21,Neutral
2010-10-22,Neg
2010-10-25,Neg
2010-10-26,Neg
2010-10-27,Neg
2010-10-28,Neg
2010-10-29,Neg
2010-11-01,Neg
2010-11-02,Neg
2010-11-03,Neg
2010-11-04,Neg
2010-11-05,Neg
2010-11-08,Neg
2010-11-09,Neg
2010-11-10,Neg
2010-11-11,Neutral
2010-11-12,Pos
2010-11-15,Pos
2010-11-16,Pos
2010-11-17,Pos
2010-11-18,Pos
2010-11-19,Pos
2010-11-22,Pos
2010-11-23,Pos
2010-11-24,Pos
2010-11-26,Pos
2010-11-29,Pos
2010-11-30,Pos
2010-12-01,Pos
2010-12-02,Pos
2010-12-03,Pos
2010-12-06,Pos
2010-12-07,Neg
2010-12-08,Neg
2010-12-09,Neg
2010-12-10,Neutral
2010-12-13,Neutral
2010-12-14,Neutral
2010-12-15,Neutral
2010-12-16,Neutral
2010-12-17,Neg
2010-12-20,Neg
2010-12-21,Neutral
2010-12-22,Neutral
2010-12-23,Pos
2010-12-27,Pos
2010-12-28,Neutral
2010-12-29,Neutral
2010-12-30,Neg
2010-12-31,Neg
2011-01-03,Pos
2011-01-04,Pos
2011-01-05,Neutral
2011-01-06,Neutral
2011-01-07,Pos
2011-01-10,Neg
2011-01-11,Neg
2011-01-12,Neg
2011-01-13,Neg
2011-01-14,Neg
2011-01-18,Neg
2011-01-19,Neg
2011-01-20,Neg
2011-01-21,Neg
2011-01-24,Neutral
2011-01-25,Neutral
2011-01-26,Neutral
2011-01-27,Neutral
2011-01-28,Neutral
2011-01-31,Neutral
2011-02-01,Neutral
2011-02-02,Neg
2011-02-03,Neg
2011-02-04,Neg
2011-02-07,Neg
2011-02-08,Neg
2011-02-09,Neg
2011-02-10,Neg
2011-02-11,Neg
2011-02-14,Pos
2011-02-15,Pos
2011-02-16,Pos
2011-02-17,Pos
2011-02-18,Pos
2011-02-22,Pos
2011-02-23,Pos
2011-02-24,Neutral
2011-02-25,Pos
2011-02-28,Neutral
2011-03-01,Neutral
2011-03-02,Neutral
2011-03-03,Neutral
2011-03-04,Neutral
2011-03-07,Pos
2011-03-08,Pos
2011-03-09,Pos
2011-03-10,Neg
2011-03-11,Pos
2011-03-14,Pos
2011-03-15,Pos
2011-03-16,Pos
2011-03-17,Pos
2011-03-18,Pos
2011-03-21,Pos
2011-03-22,Pos
2011-03-23,Pos
2011-03-24,Pos
2011-03-25,Pos
2011-03-28,Pos
2011-03-29,Pos
2011-03-30,Neg
2011-03-31,Pos
2011-04-01,Pos
2011-04-04,Pos
2011-04-05,Pos
2011-04-06,Pos
2011-04-07,Pos
2011-04-08,Pos
2011-04-11,Pos
2011-04-12,Pos
2011-04-13,Pos
2011-04-14,Pos
2011-04-15,Pos
2011-04-18,Pos
2011-04-19,Pos
2011-04-20,Pos
2011-04-21,Pos
2011-04-25,Pos
2011-04-26,Pos
2011-04-27,Pos
2011-04-28,Pos
2011-04-29,Pos
2011-05-02,Pos
2011-05-03,Neutral
2011-05-04,Neutral
2011-05-05,Pos
2011-05-06,Pos
2011-05-09,Pos
2011-05-10,Pos
2011-05-11,Pos
2011-05-12,Pos
2011-05-13,Pos
2011-05-16,Pos
2011-05-17,Pos
2011-05-18,Pos
2011-05-19,Pos
2011-05-20,Pos
2011-05-23,Pos
2011-05-24,Pos
2011-05-25,Pos
2011-05-26,Pos
2011-05-27,Pos
2011-05-31,Pos
2011-06-01,Pos
2011-06-02,Pos
2011-06-03,Pos
2011-06-06,Pos
2011-06-07,Pos
2011-06-08,Pos
2011-06-09,Pos
2011-06-10,Pos
2011-06-13,Pos
2011-06-14,Pos
2011-06-15,Pos
2011-06-16,Pos
2011-06-17,Pos
2011-06-20,Pos
2011-06-21,Pos
2011-06-22,Pos
2011-06-23,Pos
2011-06-24,Pos
2011-06-27,Pos
2011-06-28,Pos
2011-06-29,Pos
2011-06-30,Pos
2011-07-01,Pos
2011-07-05,Neutral
2011-07-06,Pos
2011-07-07,Neutral
2011-07-08,Neutral
2011-07-11,Neutral
2011-07-12,Pos
2011-07-13,Neutral
2011-07-14,Pos
2011-07-15,Neutral
2011-07-18,Neutral
2011-07-19,Neutral
2011-07-20,Neg
2011-07-21,Neg
2011-07-22,Neg
2011-07-25,Neg
2011-07-26,Neg
2011-07-27,Pos
2011-07-28,Pos
2011-07-29,Neutral
2011-08-01,Neutral
2011-08-02,Pos
2011-08-03,Pos
2011-08-04,Neg
2011-08-05,Neg
2011-08-08,Neg
2011-08-09,Neutral
2011-08-10,Neutral
2011-08-11,Neutral
2011-08-12,Neutral
2011-08-15,Neutral
2011-08-16,Neutral
2011-08-17,Neutral
2011-08-18,Neutral
2011-08-19,Neutral
2011-08-22,Neutral
2011-08-23,Neutral
2011-08-24,Neutral
2011-08-25,Neutral
2011-08-26,Neutral
2011-08-29,Neg
2011-08-30,Neg
2011-08-31,Neutral
2011-09-01,Neutral
2011-09-02,Neutral
2011-09-06,Neutral
2011-09-07,Neutral
2011-09-08,Neutral
2011-09-09,Neutral
2011-09-12,Neutral
2011-09-13,Pos
2011-09-14,Neutral
2011-09-15,Neg
2011-09-16,Neg
2011-09-19,Neg
2011-09-20,Neg
2011-09-21,Neg
2011-09-22,Pos
2011-09-23,Pos
2011-09-26,Neutral
2011-09-27,Neutral
2011-09-28,Neutral
2011-09-29,Neutral
2011-09-30,Neutral
2011-10-03,Neutral
2011-10-04,Neutral
2011-10-05,Neutral
2011-10-06,Neutral
2011-10-07,Neutral
2011-10-10,Neutral
2011-10-11,Neutral
2011-10-12,Neutral
2011-10-13,Neutral
2011-10-14,Neutral
2011-10-17,Neutral
2011-10-18,Neutral
2011-10-19,Neutral
2011-10-20,Neg
2011-10-21,Neutral
2011-10-24,Neg
2011-10-25,Neg
2011-10-26,Neg
2011-10-27,Neg
2011-10-28,Neg
2011-10-31,Neg
2011-11-01,Neg
2011-11-02,Neg
2011-11-03,Neg
2011-11-04,Neg
2011-11-07,Neg
2011-11-08,Neg
2011-11-09,Neg
2011-11-10,Neg
2011-11-11,Neg
2011-11-14,Neg
2011-11-15,Neg
2011-11-16,Neg
2011-11-17,Neg
2011-11-18,Neg
2011-11-21,Neutral
2011-11-22,Neutral
2011-11-23,Neutral
2011-11-25,Neutral
2011-11-28,Neutral
2011-11-29,Pos
2011-11-30,Neutral
2011-12-01,Neutral
2011-12-02,Pos
2011-12-05,Pos
2011-12-06,Pos
2011-12-07,Pos
2011-12-08,Neg
2011-12-09,Pos
2011-12-12,Pos
2011-12-13,Neg
2011-12-14,Neg
2011-12-15,Pos
2011-12-16,Pos
2011-12-19,Pos
2011-12-20,Neutral
2011-12-21,Neg
2011-12-22,Neg
2011-12-23,Pos
2011-12-27,Pos
2011-12-28,Pos
2011-12-29,Pos
2011-12-30,Pos
2012-01-03,Neg
2012-01-04,Pos
2012-01-05,Neg
2012-01-06,Pos
2012-01-09,Neg
2012-01-10,Neg
2012-01-11,Neg
2012-01-12,Neg
2012-01-13,Pos
2012-01-17,Pos
2012-01-18,Neutral
2012-01-19,Neutral
2012-01-20,Neutral
2012-01-23,Pos
2012-01-24,Pos
2012-01-25,Pos
2012-01-26,Pos
2012-01-27,Pos
2012-01-30,Pos
2012-01-31,Pos
2012-02-01,Pos
2012-02-02,Pos
2012-02-03,Pos
2012-02-06,Pos
2012-02-07,Pos
2012-02-08,Pos
2012-02-09,Pos
2012-02-10,Pos
2012-02-13,Pos
2012-02-14,Pos
2012-02-15,Pos
2012-02-16,Pos
2012-02-17,Pos
2012-02-21,Pos
2012-02-22,Pos
2012-02-23,Pos
2012-02-24,Pos
2012-02-27,Pos
2012-02-28,Pos
2012-02-29,Pos
2012-03-01,Pos
2012-03-02,Pos
2012-03-05,Pos
2012-03-06,Pos
2012-03-07,Pos
2012-03-08,Pos
2012-03-09,Pos
2012-03-12,Pos
2012-03-13,Pos
2012-03-14,Pos
2012-03-15,Pos
2012-03-16,Pos
2012-03-19,Neutral
2012-03-20,Pos
2012-03-21,Pos
2012-03-22,Neg
2012-03-23,Pos
2012-03-26,Pos
2012-03-27,Pos
2012-03-28,Pos
2012-03-29,Pos
2012-03-30,Pos
2012-04-02,Pos
2012-04-03,Pos
2012-04-04,Pos
2012-04-05,Pos
2012-04-09,Pos
2012-04-10,Neutral
2012-04-11,Neutral
2012-04-12,Neutral
2012-04-13,Neutral
2012-04-16,Neutral
2012-04-17,Neutral
2012-04-18,Neutral
2012-04-19,Neutral
2012-04-20,Neutral
2012-04-23,Pos
2012-04-24,Pos
2012-04-25,Neutral
2012-04-26,Neutral
2012-04-27,Pos
2012-04-30,Pos
2012-05-01,Pos
2012-05-02,Pos
2012-05-03,Pos
2012-05-04,Pos
2012-05-07,Pos
2012-05-08,Pos
2012-05-09,Pos
2012-05-10,Pos
2012-05-11,Pos
2012-05-14,Pos
2012-05-15,Pos
2012-05-16,Pos
2012-05-17,Pos
2012-05-18,Pos
2012-05-21,Pos
2012-05-22,Pos
2012-05-23,Pos
2012-05-24,Pos
2012-05-25,Pos
2012-05-29,Pos
2012-05-30,Pos
2012-05-31,Pos
2012-06-01,Pos
2012-06-04,Pos
2012-06-05,Pos
2012-06-06,Neutral
2012-06-07,Neutral
2012-06-08,Neutral
2012-06-11,Neutral
2012-06-12,Neutral
2012-06-13,Neutral
2012-06-14,Neg
2012-06-15,Neg
2012-06-18,Neg
2012-06-19,Neutral
2012-06-20,Neutral
2012-06-21,Neutral
2012-06-22,Neutral
2012-06-25,Neg
2012-06-26,Neutral
2012-06-27,Neg
2012-06-28,Neg
2012-06-29,Neg
2012-07-02,Neg
2012-07-03,Neg
2012-07-05,Neutral
2012-07-06,Neutral
2012-07-09,Neg
2012-07-10,Neg
2012-07-11,Neg
2012-07-12,Neg
2012-07-13,Neg
2012-07-16,Neg
2012-07-17,Neg
2012-07-18,Neg
2012-07-19,Neg
2012-07-20,Neg
2012-07-23,Neg
2012-07-24,Neg
2012-07-25,Neg
2012-07-26,Neg
2012-07-27,Neg
2012-07-30,Neg
2012-07-31,Neg
2012-08-01,Pos
2012-08-02,Neg
2012-08-03,Neg
2012-08-06,Neg
2012-08-07,Neg
2012-08-08,Pos
2012-08-09,Neg
2012-08-10,Neg
2012-08-13,Neg
2012-08-14,Neg
2012-08-15,Neg
2012-08-16,Pos
2012-08-17,Pos
2012-08-20,Pos
2012-08-21,Pos
2012-08-22,Pos
2012-08-23,Pos
2012-08-24,Neutral
2012-08-27,Pos
2012-08-28,Neutral
2012-08-29,Neutral
2012-08-30,Pos
2012-08-31,Neutral
2012-09-04,Pos
2012-09-05,Neutral
2012-09-06,Pos
2012-09-07,Pos
2012-09-10,Pos
2012-09-11,Pos
2012-09-12,Pos
2012-09-13,Neg
2012-09-14,Neutral
2012-09-17,Pos
2012-09-18,Pos
2012-09-19,Pos
2012-09-20,Pos
2012-09-21,Neutral
2012-09-24,Neutral
2012-09-25,Neutral
2012-09-26,Neutral
2012-09-27,Neg
2012-09-28,Neutral
2012-10-01,Neutral
2012-10-02,Neutral
2012-10-03,Neutral
2012-10-04,Neutral
2012-10-05,Neutral
2012-10-08,Pos
2012-10-09,Pos
2012-10-10,Pos
2012-10-11,Neg
2012-10-12,Pos
2012-10-15,Neg
2012-10-16,Neg
2012-10-17,Neutral
2012-10-18,Neg
2012-10-19,Pos
2012-10-22,Pos
2012-10-23,Pos
2012-10-24,Pos
2012-10-25,Neg
2012-10-26,Neutral
2012-10-31,Neutral
2012-11-01,Neutral
2012-11-02,Pos
2012-11-05,Pos
2012-11-06,Neg
2012-11-07,Pos
2012-11-08,Neg
2012-11-09,Neg
2012-11-12,Neg
2012-11-13,Pos
2012-11-14,Pos
2012-11-15,Pos
2012-11-16,Pos
2012-11-19,Neutral
2012-11-20,Neutral
2012-11-21,Neutral
2012-11-23,Neutral
2012-11-26,Neutral
2012-11-27,Neutral
2012-11-28,Neutral
2012-11-29,Neutral
2012-11-30,Neutral
2012-12-03,Neutral
2012-12-04,Neutral
2012-12-05,Neutral
2012-12-06,Neutral
2012-12-07,Neutral
2012-12-10,Neutral
2012-12-11,Neutral
2012-12-12,Pos
2012-12-13,Pos
2012-12-14,Pos
2012-12-17,Pos
2012-12-18,Pos
2012-12-19,Pos
2012-12-20,Pos
2012-12-21,Pos
2012-12-24,Pos
2012-12-26,Pos
2012-12-27,Pos
2012-12-28,Neg
2012-12-31,Pos
2013-01-02,Pos
2013-01-03,Pos
2013-01-04,Neutral
2013-01-07,Pos
2013-01-08,Pos
2013-01-09,Pos
2013-01-10,Neg
2013-01-11,Neutral
2013-01-14,Neutral
2013-01-15,Pos
2013-01-16,Pos
2013-01-17,Pos
2013-01-18,Pos
2013-01-22,Pos
2013-01-23,Pos
2013-01-24,Pos
2013-01-25,Pos
2013-01-28,Pos
2013-01-29,Pos
2013-01-30,Pos
2013-01-31,Pos
2013-02-01,Pos
2013-02-04,Pos
2013-02-05,Pos
2013-02-06,Pos
2013-02-07,Pos
2013-02-08,Pos
2013-02-11,Pos
2013-02-12,Pos
2013-02-13,Pos
2013-02-14,Pos
2013-02-15,Pos
2013-02-19,Pos
2013-02-20,Pos
2013-02-21,Pos
2013-02-22,Pos
2013-02-25,Neg
2013-02-26,Neutral
2013-02-27,Neg
2013-02-28,Neg
2013-03-01,Neg
2013-03-04,Neg
2013-03-05,Neutral
2013-03-06,Neutral
2013-03-07,Neg
2013-03-08,Neg
2013-03-11,Neg
2013-03-12,Neg
2013-03-13,Neg
2013-03-14,Neg
2013-03-15,Neg
2013-03-18,Neg
2013-03-19,Neg
2013-03-20,Neg
2013-03-21,Neg
2013-03-22,Neg
2013-03-25,Neg
2013-03-26,Neg
2013-03-27,Neg
2013-03-28,Neg
2013-04-01,Neg
2013-04-02,Neg
2013-04-03,Neg
2013-04-04,Neg
2013-04-05,Neg
2013-04-08,Neg
2013-04-09,Neg
2013-04-10,Neutral
2013-04-11,Neg
2013-04-12,Pos
2013-04-15,Neg
2013-04-16,Neg
2013-04-17,Neg
2013-04-18,Neutral
2013-04-19,Neg
2013-04-22,Neg
2013-04-23,Neg
2013-04-24,Neg
2013-04-25,Neg
2013-04-26,Neutral
2013-04-29,Neutral
2013-04-30,Neutral
2013-05-01,Neutral
2013-05-02,Pos
2013-05-03,Neutral
2013-05-06,Pos
2013-05-07,Neg
2013-05-08,Neg
2013-05-09,Pos
2013-05-10,Pos
2013-05-13,Pos
2013-05-14,Neg
2013-05-15,Neutral
2013-05-16,Neutral
2013-05-17,Neutral
2013-05-20,Pos
2013-05-21,Pos
2013-05-22,Pos
2013-05-23,Pos
2013-05-24,Neutral
2013-05-28,Pos
2013-05-29,Neutral
2013-05-30,Pos
2013-05-31,Pos
2013-06-03,Pos
2013-06-04,Pos
2013-06-05,Pos
2013-06-06,Pos
2013-06-07,Pos
2013-06-10,Pos
2013-06-11,Neg
2013-06-12,Neg
2013-06-13,Neg
2013-06-14,Neg
2013-06-17,Neg
2013-06-18,Neg
2013-06-19,Neg
2013-06-20,Neutral
2013-06-21,Pos
2013-06-24,Pos
2013-06-25,Pos
2013-06-26,Pos
2013-06-27,Pos
2013-06-28,Neutral
2013-07-01,Neutral
2013-07-02,Neutral
2013-07-03,Neutral
2013-07-05,Neg
2013-07-08,Neg
2013-07-09,Neg
2013-07-10,Neutral
2013-07-11,Neutral
2013-07-12,Neutral
2013-07-15,Neutral
2013-07-16,Neutral
2013-07-17,Neutral
2013-07-18,Neutral
2013-07-19,Neutral
2013-07-22,Neutral
2013-07-23,Pos
2013-07-24,Pos
2013-07-25,Pos
2013-07-26,Pos
2013-07-29,Neg
2013-07-30,Pos
2013-07-31,Pos
2013-08-01,Pos
2013-08-02,Pos
2013-08-05,Pos
2013-08-06,Pos
2013-08-07,Pos
2013-08-08,Pos
2013-08-09,Pos
2013-08-12,Pos
2013-08-13,Pos
2013-08-14,Pos
2013-08-15,Neg
2013-08-16,Neutral
2013-08-19,Pos
2013-08-20,Pos
2013-08-21,Pos
2013-08-22,Pos
2013-08-23,Pos
2013-08-26,Pos
2013-08-27,Pos
2013-08-28,Pos
2013-08-29,Pos
2013-08-30,Pos
2013-09-03,Pos
2013-09-04,Pos
2013-09-05,Pos
2013-09-06,Pos
2013-09-09,Pos
2013-09-10,Pos
2013-09-11,Pos
2013-09-12,Pos
2013-09-13,Pos
2013-09-16,Pos
2013-09-17,Neutral
2013-09-18,Neutral
2013-09-19,Neutral
2013-09-20,Neutral
2013-09-23,Neutral
2013-09-24,Neutral
2013-09-25,Neutral
2013-09-26,Neutral
2013-09-27,Pos
2013-09-30,Pos
2013-10-01,Pos
2013-10-02,Pos
2013-10-03,Pos
2013-10-04,Pos
2013-10-07,Pos
2013-10-08,Pos
2013-10-09,Pos
2013-10-10,Pos
2013-10-11,Pos
2013-10-14,Pos
2013-10-15,Pos
2013-10-16,Pos
2013-10-17,Pos
2013-10-18,Neutral
2013-10-21,Neutral
2013-10-22,Neutral
2013-10-23,Neutral
2013-10-24,Neutral
2013-10-25,Neutral
2013-10-28,Neutral
2013-10-29,Neutral
2013-10-30,Neutral
2013-10-31,Neutral
2013-11-01,Neutral
2013-11-04,Neutral
2013-11-05,Neg
2013-11-06,Pos
2013-11-07,Neg
2013-11-08,Pos
2013-11-11,Pos
2013-11-12,Neg
2013-11-13,Neutral
2013-11-14,Neutral
2013-11-15,Neutral
2013-11-18,Neutral
2013-11-19,Pos
2013-11-20,Pos
2013-11-21,Neg
2013-11-22,Neg
2013-11-25,Neg
2013-11-26,Neg
2013-11-27,Neg
2013-11-29,Neg
2013-12-02,Neg
2013-12-03,Neg
2013-12-04,Neg
2013-12-05,Neg
2013-12-06,Pos
2013-12-09,Pos
2013-12-10,Pos
2013-12-11,Pos
2013-12-12,Pos
2013-12-13,Pos
2013-12-16,Pos
2013-12-17,Pos
2013-12-18,Neutral
2013-12-19,Neutral
2013-12-20,Neutral
2013-12-23,Neutral
2013-12-24,Neutral
2013-12-26,Pos
2013-12-27,Neutral
2013-12-30,Neutral
2013-12-31,Neutral
2014-01-02,Neutral
2014-01-03,Neutral
2014-01-06,Neg
2014-01-07,Neg
2014-01-08,Neg
2014-01-09,Pos
2014-01-10,Pos
2014-01-13,Pos
2014-01-14,Pos
2014-01-15,Pos
2014-01-16,Pos
2014-01-17,Pos
2014-01-21,Pos
2014-01-22,Pos
2014-01-23,Pos
2014-01-24,Pos
2014-01-27,Pos
2014-01-28,Pos
2014-01-29,Pos
2014-01-30,Pos
2014-01-31,Pos
2014-02-03,Pos
2014-02-04,Pos
2014-02-05,Pos
2014-02-06,Neutral
2014-02-07,Neutral
2014-02-10,Neutral
2014-02-11,Pos
2014-02-12,Pos
2014-02-13,Pos
2014-02-14,Pos
2014-02-18,Neutral
2014-02-19,Neutral
2014-02-20,Neutral
2014-02-21,Neutral
2014-02-24,Neutral
2014-02-25,Neutral
2014-02-26,Neutral
2014-02-27,Neutral
2014-02-28,Neutral
2014-03-03,Neutral
2014-03-04,Neutral
2014-03-05,Neutral
2014-03-06,Neutral
2014-03-07,Neutral
2014-03-10,Pos
2014-03-11,Pos
2014-03-12,Pos
2014-03-13,Pos
2014-03-14,Pos
2014-03-17,Pos
2014-03-18,Pos
2014-03-19,Pos
2014-03-20,Pos
2014-03-21,Pos
2014-03-24,Pos
2014-03-25,Pos
2014-03-26,Pos
2014-03-27,Pos
2014-03-28,Pos
2014-03-31,Pos
2014-04-01,Pos
2014-04-02,Pos
2014-04-03,Pos
2014-04-04,Pos
2014-04-07,Pos
2014-04-08,Pos
2014-04-09,Pos
2014-04-10,Pos
2014-04-11,Pos
2014-04-14,Pos
2014-04-15,Pos
2014-04-16,Pos
2014-04-17,Pos
2014-04-21,Pos
2014-04-22,Pos
2014-04-23,Pos
2014-04-24,Pos
2014-04-25,Pos
2014-04-28,Pos
2014-04-29,Neutral
2014-04-30,Neutral
2014-05-01,Neutral
2014-05-02,Neutral
2014-05-05,Neutral
2014-05-06,Pos
2014-05-07,Neutral
2014-05-08,Neutral
2014-05-09,Neutral
2014-05-12,Neutral
2014-05-13,Neutral
2014-05-14,Neutral
2014-05-15,Pos
2014-05-16,Pos
2014-05-19,Pos
2014-05-20,Pos
2014-05-21,Pos
2014-05-22,Neutral
2014-05-23,Pos
2014-05-27,Pos
2014-05-28,Pos
2014-05-29,Pos
2014-05-30,Neutral
2014-06-02,Pos
2014-06-03,Pos
2014-06-04,Pos
2014-06-05,Neutral
2014-06-06,Neutral
2014-06-09,Neutral
2014-06-10,Neutral
2014-06-11,Neutral
2014-06-12,Neutral
2014-06-13,Neutral
2014-06-16,Neutral
2014-06-17,Pos
2014-06-18,Neutral
2014-06-19,Neutral
2014-06-20,Neutral
2014-06-23,Pos
2014-06-24,Pos
2014-06-25,Pos
2014-06-26,Pos
2014-06-27,Pos
2014-06-30,Pos
2014-07-01,Neutral
2014-07-02,Neutral
2014-07-03,Pos
2014-07-07,Pos
2014-07-08,Pos
2014-07-09,Neg
2014-07-10,Pos
2014-07-11,Pos
2014-07-14,Pos
2014-07-15,Pos
2014-07-16,Pos
2014-07-17,Pos
2014-07-18,Pos
2014-07-21,Neg
2014-07-22,Pos
2014-07-23,Pos
2014-07-24,Pos
2014-07-25,Pos
2014-07-28,Pos
2014-07-29,Pos
2014-07-30,Pos
2014-07-31,Pos
2014-08-01,Pos
2014-08-04,Pos
2014-08-05,Pos
2014-08-06,Pos
2014-08-07,Pos
2014-08-08,Pos
2014-08-11,Pos
2014-08-12,Pos
2014-08-13,Pos
2014-08-14,Pos
2014-08-15,Pos
2014-08-18,Pos
2014-08-19,Neutral
2014-08-20,Neutral
2014-08-21,Neutral
2014-08-22,Neutral
2014-08-25,Neutral
2014-08-26,Neutral
2014-08-27,Neutral
2014-08-28,Neutral
2014-08-29,Neutral
2014-09-02,Neutral
2014-09-03,Neutral
2014-09-04,Neutral
2014-09-05,Neutral
2014-09-08,Neutral
2014-09-09,Pos
2014-09-10,Pos
2014-09-11,Pos
2014-09-12,Neutral
2014-09-15,Neutral
2014-09-16,Neutral
2014-09-17,Neutral
2014-09-18,Pos
2014-09-19,Neutral
2014-09-22,Neutral
2014-09-23,Neutral
2014-09-24,Neutral
2014-09-25,Pos
2014-09-26,Pos
2014-09-29,Pos
2014-09-30,Pos
2014-10-01,Pos
2014-10-02,Pos
2014-10-03,Pos
2014-10-06,Pos
2014-10-07,Pos
2014-10-08,Pos
2014-10-09,Pos
2014-10-10,Pos
2014-10-13,Pos
2014-10-14,Pos
2014-10-15,Pos
2014-10-16,Pos
2014-10-17,Pos
2014-10-20,Pos
2014-10-21,Pos
2014-10-22,Pos
2014-10-23,Pos
2014-10-24,Neutral
2014-10-27,Neutral
2014-10-28,Neutral
2014-10-29,Neutral
2014-10-30,Neutral
2014-10-31,Neutral
2014-11-03,Neg
2014-11-04,Neg
2014-11-05,Neg
2014-11-06,Neg
2014-11-07,Neg
2014-11-10,Neutral
2014-11-11,Neutral
2014-11-12,Neutral
2014-11-13,Neutral
2014-11-14,Neutral
2014-11-17,Neutral
2014-11-18,Neutral
2014-11-19,Neutral
2014-11-20,Neutral
2014-11-21,Neutral
2014-11-24,Neutral
2014-11-25,Neg
2014-11-26,Neg
2014-11-28,Neg
2014-12-01,Neg
2014-12-02,Neg
2014-12-03,Neg
2014-12-04,Neg
2014-12-05,Neg
2014-12-08,Neg
2014-12-09,Neg
2014-12-10,Neutral
2014-12-11,Neg
2014-12-12,Pos
2014-12-15,Pos
2014-12-16,Pos
2014-12-17,Pos
2014-12-18,Pos
2014-12-19,Pos
2014-12-22,Pos
2014-12-23,Pos
2014-12-24,Pos
2014-12-26,Pos
2014-12-29,Pos
2014-12-30,Pos
2014-12-31,Pos
2015-01-02,Neutral
2015-01-05,Pos
2015-01-06,Pos
2015-01-07,Pos
2015-01-08,Pos
2015-01-09,Pos
2015-01-12,Pos
2015-01-13,Pos
2015-01-14,Pos
2015-01-15,Pos
2015-01-16,Pos
2015-01-20,Pos
2015-01-21,Pos
2015-01-22,Pos
2015-01-23,Pos
2015-01-26,Pos
2015-01-27,Pos
2015-01-28,Pos
2015-01-29,Pos
2015-01-30,Pos
2015-02-02,Pos
2015-02-03,Pos
2015-02-04,Pos
2015-02-05,Neutral
2015-02-06,Neutral
2015-02-09,Pos
2015-02-10,Neutral
2015-02-11,Pos
2015-02-12,Pos
2015-02-13,Neutral
2015-02-17,Pos
2015-02-18,Pos
2015-02-19,Pos
2015-02-20,Pos
2015-02-23,Pos
2015-02-24,Neutral
2015-02-25,Pos
2015-02-26,Neutral
2015-02-27,Neutral
2015-03-02,Neutral
2015-03-03,Neutral
2015-03-04,Neutral
2015-03-05,Neutral
2015-03-06,Neutral
2015-03-09,Neutral
2015-03-10,Neutral
2015-03-11,Neutral
2015-03-12,Neutral
2015-03-13,Neutral
2015-03-16,Pos
2015-03-17,Pos
2015-03-18,Pos
2015-03-19,Pos
2015-03-20,Pos
2015-03-23,Pos
2015-03-24,Pos
2015-03-25,Pos
2015-03-26,Pos
2015-03-27,Pos
2015-03-30,Pos
2015-03-31,Pos
2015-04-01,Pos
2015-04-02,Pos
2015-04-06,Pos
2015-04-07,Pos
2015-04-08,Neutral
2015-04-09,Pos
2015-04-10,Pos
2015-04-13,Pos
2015-04-14,Pos
2015-04-15,Pos
2015-04-16,Pos
2015-04-17,Pos
2015-04-20,Pos
2015-04-21,Pos
2015-04-22,Pos
2015-04-23,Pos
2015-04-24,Pos
2015-04-27,Pos
2015-04-28,Pos
2015-04-29,Pos
2015-04-30,Neutral
2015-05-01,Pos
2015-05-04,Pos
2015-05-05,Pos
2015-05-06,Neutral
2015-05-07,Neutral
2015-05-08,Pos
2015-05-11,Pos
2015-05-12,Pos
2015-05-13,Pos
2015-05-14,Pos
2015-05-15,Pos
2015-05-18,Pos
2015-05-19,Pos
2015-05-20,Pos
2015-05-21,Pos
2015-05-22,Pos
2015-05-26,Pos
2015-05-27,Pos
2015-05-28,Neutral
2015-05-29,Pos
2015-06-01,Pos
2015-06-02,Pos
2015-06-03,Pos
2015-06-04,Pos
2015-06-05,Pos
2015-06-08,Pos
2015-06-09,Pos
2015-06-10,Neutral
2015-06-11,Neutral
2015-06-12,Pos
2015-06-15,Pos
2015-06-16,Pos
2015-06-17,Neutral
2015-06-18,Neutral
2015-06-19,Neutral
2015-06-22,Neutral
2015-06-23,Neutral
2015-06-24,Pos
2015-06-25,Pos
2015-06-26,Pos
2015-06-29,Pos
2015-06-30,Pos
2015-07-01,Pos
2015-07-02,Pos
2015-07-06,Pos
2015-07-07,Neutral
2015-07-08,Pos
2015-07-09,Pos
2015-07-10,Pos
2015-07-13,Pos
2015-07-14,Pos
2015-07-15,Pos
2015-07-16,Neutral
2015-07-17,Pos
2015-07-20,Neutral
2015-07-21,Pos
2015-07-22,Neutral
2015-07-23,Pos
2015-07-24,Pos
2015-07-27,Pos
2015-07-28,Pos
2015-07-29,Pos
2015-07-30,Neg
2015-07-31,Neg
2015-08-03,Neg
2015-08-04,Neg
2015-08-05,Neg
2015-08-06,Neutral
2015-08-07,Neutral
2015-08-10,Neutral
2015-08-11,Neutral
2015-08-12,Neutral
2015-08-13,Neutral
2015-08-14,Neutral
2015-08-17,Neutral
2015-08-18,Neutral
2015-08-19,Neutral
2015-08-20,Pos
2015-08-21,Pos
2015-08-24,Neutral
2015-08-25,Neutral
2015-08-26,Neutral
2015-08-27,Neutral
2015-08-28,Pos
2015-08-31,Pos
2015-09-01,Neutral
2015-09-02,Pos
2015-09-03,Pos
2015-09-04,Pos
2015-09-08,Pos
2015-09-09,Pos
2015-09-10,Pos
2015-09-11,Pos
2015-09-14,Pos
2015-09-15,Pos
2015-09-16,Pos
2015-09-17,Pos
2015-09-18,Pos
2015-09-21,Pos
2015-09-22,Pos
2015-09-23,Pos
2015-09-24,Pos
2015-09-25,Pos
2015-09-28,Pos
2015-09-29,Pos
2015-09-30,Pos
2015-10-01,Pos
2015-10-02,Pos
2015-10-05,Pos
2015-10-06,Pos
2015-10-07,Pos
2015-10-08,Pos
2015-10-09,Pos
2015-10-12,Pos
2015-10-13,Pos
2015-10-14,Neutral
2015-10-15,Neutral
2015-10-16,Neutral
2015-10-19,Neutral
2015-10-20,Neutral
2015-10-21,Neutral
2015-10-22,Neutral
2015-10-23,Neutral
2015-10-26,Neutral
2015-10-27,Neutral
2015-10-28,Neutral
2015-10-29,Neutral
2015-10-30,Neutral
2015-11-02,Neutral
2015-11-03,Neutral
2015-11-04,Neutral
2015-11-05,Neutral
2015-11-06,Neutral
2015-11-09,Neutral
2015-11-10,Neutral
2015-11-11,Neutral
2015-11-12,Neutral
2015-11-13,Neutral
2015-11-16,Neutral
2015-11-17,Neutral
2015-11-18,Neutral
2015-11-19,Neutral
2015-11-20,Neutral
2015-11-23,Neutral
2015-11-24,Neutral
2015-11-25,Neutral
2015-11-27,Neutral
2015-11-30,Neutral
2015-12-01,Neutral
2015-12-02,Neg
2015-12-03,Neutral
2015-12-04,Neutral
2015-12-07,Pos
2015-12-08,Pos
2015-12-09,Pos
2015-12-10,Neutral
2015-12-11,Pos
2015-12-14,Pos
2015-12-15,Pos
2015-12-16,Neutral
2015-12-17,Pos
2015-12-18,Pos
2015-12-21,Pos
2015-12-22,Pos
2015-12-23,Pos
2015-12-24,Pos
2015-12-28,Neutral
2015-12-29,Neutral
2015-12-30,Neutral
2015-12-31,Neg
2016-01-04,Pos
2016-01-05,Pos
2016-01-06,Pos
2016-01-07,Pos
2016-01-08,Pos
2016-01-11,Pos
2016-01-12,Pos
2016-01-13,Neutral
2016-01-14,Pos
2016-01-15,Pos
2016-01-19,Pos
2016-01-20,Pos
2016-01-21,Pos
2016-01-22,Neutral
2016-01-25,Neutral
2016-01-26,Neutral
2016-01-27,Neutral
2016-01-28,Neutral
2016-01-29,Neutral
2016-02-01,Neutral
2016-02-02,Pos
2016-02-03,Pos
2016-02-04,Pos
2016-02-05,Pos
2016-02-08,Pos
2016-02-09,Pos
2016-02-10,Pos
2016-02-11,Pos
2016-02-12,Pos
2016-02-16,Pos
2016-02-17,Pos
2016-02-18,Pos
2016-02-19,Pos
2016-02-22,Pos
2016-02-23,Pos
2016-02-24,Pos
2016-02-25,Pos
2016-02-26,Pos
2016-02-29,Neutral
2016-03-01,Neutral
2016-03-02,Neutral
2016-03-03,Neutral
2016-03-04,Neutral
2016-03-07,Neutral
2016-03-08,Neutral
2016-03-09,Neutral
2016-03-10,Neutral
2016-03-11,Neutral
2016-03-14,Neutral
2016-03-15,Neutral
2016-03-16,Neutral
2016-03-17,Neutral
2016-03-18,Neutral
2016-03-21,Neutral
2016-03-22,Neutral
2016-03-23,Neutral
2016-03-24,Neutral
2016-03-28,Neutral
2016-03-29,Neutral
2016-03-30,Neutral
2016-03-31,Neutral
2016-04-01,Neutral
2016-04-04,Neutral
2016-04-05,Neutral
2016-04-06,Neutral
2016-04-07,Neutral
2016-04-08,Neutral
2016-04-11,Neutral
2016-04-12,Neutral
2016-04-13,Pos
2016-04-14,Pos
2016-04-15,Neutral
2016-04-18,Pos
2016-04-19,Neutral
2016-04-20,Neutral
2016-04-21,Neg
2016-04-22,Neg
2016-04-25,Neg
2016-04-26,Neg
2016-04-27,Neg
2016-04-28,Neg
2016-04-29,Neg
2016-05-02,Neg
2016-05-03,Neg
2016-05-04,Neg
2016-05-05,Neg
2016-05-06,Neg
2016-05-09,Neg
2016-05-10,Neg
2016-05-11,Neutral
2016-05-12,Neutral
2016-05-13,Neutral
2016-05-16,Neutral
2016-05-17,Neutral
2016-05-18,Neutral
2016-05-19,Neg
2016-05-20,Neg
2016-05-23,Neutral
2016-05-24,Neutral
2016-05-25,Neutral
2016-05-26,Neutral
2016-05-27,Neutral
2016-05-31,Neutral
2016-06-01,Neutral
2016-06-02,Neutral
2016-06-03,Neg
2016-06-06,Neutral
2016-06-07,Neutral
2016-06-08,Neutral
2016-06-09,Neutral
2016-06-10,Neg
2016-06-13,Neg
2016-06-14,Neg
2016-06-15,Neg
2016-06-16,Neg
2016-06-17,Neutral
2016-06-20,Neg
2016-06-21,Neg
2016-06-22,Neg
2016-06-23,Neg
2016-06-24,Neg
2016-06-27,Pos
2016-06-28,Neg
2016-06-29,Neutral
2016-06-30,Neutral
2016-07-01,Neutral
2016-07-05,Neg
2016-07-06,Neutral
2016-07-07,Neutral
2016-07-08,Neutral
2016-07-11,Pos
2016-07-12,Pos
2016-07-13,Neutral
2016-07-14,Neutral
2016-07-15,Neutral
2016-07-18,Neutral
2016-07-19,Neutral
2016-07-20,Neutral
2016-07-21,Neutral
2016-07-22,Neutral
2016-07-25,Neutral
2016-07-26,Neutral
2016-07-27,Neutral
2016-07-28,Neutral
2016-07-29,Neutral
2016-08-01,Neutral
2016-08-02,Neutral
2016-08-03,Neutral
2016-08-04,Neutral
2016-08-05,Neutral
2016-08-08,Neutral
2016-08-09,Neutral
2016-08-10,Neutral
2016-08-11,Neutral
2016-08-12,Neg
2016-08-15,Neutral
2016-08-16,Neutral
2016-08-17,Neutral
2016-08-18,Neg
2016-08-19,Neutral
2016-08-22,Neutral
2016-08-23,Neutral
2016-08-24,Pos
2016-08-25,Pos
2016-08-26,Pos
2016-08-29,Neutral
2016-08-30,Neutral
2016-08-31,Neutral
2016-09-01,Neutral
2016-09-02,Neutral
2016-09-06,Neg
2016-09-07,Neg
2016-09-08,Neutral
2016-09-09,Pos
2016-09-12,Pos
2016-09-13,Pos
2016-09-14,Pos
2016-09-15,Neutral
2016-09-16,Pos
2016-09-19,Pos
2016-09-20,Pos
2016-09-21,Pos
2016-09-22,Neutral
2016-09-23,Pos
2016-09-26,Pos
2016-09-27,Pos
2016-09-28,Neg
2016-09-29,Neg
2016-09-30,Neg
2016-10-03,Neutral
2016-10-04,Neg
2016-10-05,Neg
2016-10-06,Neutral
2016-10-07,Neg
2016-10-10,Neutral
2016-10-11,Pos
2016-10-12,Pos
2016-10-13,Pos
2016-10-14,Pos
2016-10-17,Pos
2016-10-18,Pos
2016-10-19,Pos
2016-10-20,Pos
2016-10-21,Neutral
2016-10-24,Neutral
2016-10-25,Neutral
2016-10-26,Neutral
2016-10-27,Pos
2016-10-28,Pos
2016-10-31,Pos
2016-11-01,Pos
2016-11-02,Pos
2016-11-03,Pos
2016-11-04,Neutral
2016-11-07,Neutral
2016-11-08,Neutral
2016-11-09,Neutral
2016-11-10,Pos
2016-11-11,Pos
2016-11-14,Neutral
2016-11-15,Neutral
2016-11-16,Pos
2016-11-17,Neutral
2016-11-18,Neutral
2016-11-21,Neutral
2016-11-22,Neutral
2016-11-23,Neutral
2016-11-25,Neutral
2016-11-28,Neutral
2016-11-29,Neutral
2016-11-30,Neutral
2016-12-01,Neutral
2016-12-02,Neutral
2016-12-05,Neutral
2016-12-06,Neutral
2016-12-07,Neutral
2016-12-08,Neutral
2016-12-09,Neutral
2016-12-12,Neutral
2016-12-13,Neutral
2016-12-14,Neutral
2016-12-15,Neutral
2016-12-16,Neutral
2016-12-19,Neutral
2016-12-20,Neutral
2016-12-21,Neutral
2016-12-22,Neutral
2016-12-23,Neutral
2016-12-27,Neutral
2016-12-28,Neutral
2016-12-29,Neutral
2016-12-30,Neutral
2017-01-03,Neutral
2017-01-04,Pos
2017-01-05,Neutral
2017-01-06,Pos
2017-01-09,Pos
2017-01-10,Pos
2017-01-11,Neutral
2017-01-12,Neutral
2017-01-13,Neutral
2017-01-17,Neutral
2017-01-18,Neutral
2017-01-19,Neutral
2017-01-20,Neg
2017-01-23,Neutral
2017-01-24,Neutral
2017-01-25,Neutral
2017-01-26,Neg
2017-01-27,Neg
2017-01-30,Neutral
2017-01-31,Neg
2017-02-01,Neg
2017-02-02,Neg
2017-02-03,Neutral
2017-02-06,Neg
2017-02-07,Neg
2017-02-08,Neg
2017-02-09,Neg
2017-02-10,Neutral
2017-02-13,Neutral
2017-02-14,Neutral
2017-02-15,Neutral
2017-02-16,Neutral
2017-02-17,Neutral
2017-02-21,Neutral
2017-02-22,Neutral
2017-02-23,Neutral
2017-02-24,Neutral
2017-02-27,Neutral
2017-02-28,Neutral
2017-03-01,Neutral
2017-03-02,Neutral
2017-03-03,Neutral
2017-03-06,Neutral
2017-03-07,Neutral
2017-03-08,Neutral
2017-03-09,Neutral
2017-03-10,Neutral
2017-03-13,Neutral
2017-03-14,Neutral
2017-03-15,Pos
2017-03-16,Pos
2017-03-17,Neutral
2017-03-20,Neutral
2017-03-21,Pos
2017-03-22,Pos
2017-03-23,Pos
2017-03-24,Pos
2017-03-27,Pos
2017-03-28,Neutral
2017-03-29,Neutral
2017-03-30,Neutral
2017-03-31,Neutral
2017-04-03,Pos
2017-04-04,Pos
2017-04-05,Pos
2017-04-06,Pos
2017-04-07,Pos
2017-04-10,Pos
2017-04-11,Pos
2017-04-12,Pos
2017-04-13,Pos
2017-04-17,Neg
2017-04-18,Neg
2017-04-19,Neg
2017-04-20,Neg
2017-04-21,Neutral
2017-04-24,Neg
2017-04-25,Neg
2017-04-26,Neg
2017-04-27,Neg
2017-04-28,Neg
2017-05-01,Neutral
2017-05-02,Neutral
2017-05-03,Neutral
2017-05-04,Neutral
2017-05-05,Neutral
2017-05-08,Neutral
2017-05-09,Neutral
2017-05-10,Pos
2017-05-11,Pos
2017-05-12,Pos
2017-05-15,Pos
2017-05-16,Pos
2017-05-17,Pos
2017-05-18,Pos
2017-05-19,Neutral
2017-05-22,Neutral
2017-05-23,Neg
2017-05-24,Neutral
2017-05-25,Neg
2017-05-26,Neg
2017-05-30,Neg
2017-05-31,Neg
2017-06-01,Neg
2017-06-02,Neg
2017-06-05,Neutral
2017-06-06,Neutral
2017-06-07,Neutral
2017-06-08,Neutral
2017-06-09,Neutral
2017-06-12,Neg
2017-06-13,Neutral
2017-06-14,Pos
2017-06-15,Neg
2017-06-16,Neg
2017-06-19,Neg
2017-06-20,Pos
2017-06-21,Neutral
2017-06-22,Neg
2017-06-23,Neg
2017-06-26,Neg
2017-06-27,Neg
2017-06-28,Neutral
2017-06-29,Pos
2017-06-30,Neg
2017-07-03,Neg
2017-07-05,Neg
2017-07-06,Neg
2017-07-07,Neg
2017-07-10,Neg
2017-07-11,Neutral
2017-07-12,Neg
2017-07-13,Neg
2017-07-14,Pos
2017-07-17,Pos
2017-07-18,Pos
2017-07-19,Pos
2017-07-20,Neutral
2017-07-21,Neutral
2017-07-24,Neutral
2017-07-25,Neutral
2017-07-26,Neutral
2017-07-27,Neutral
2017-07-28,Neutral
2017-07-31,Neg
2017-08-01,Neutral
2017-08-02,Neutral
2017-08-03,Neg
2017-08-04,Pos
2017-08-07,Pos
2017-08-08,Neg
2017-08-09,Neg
2017-08-10,Pos
2017-08-11,Neg
2017-08-14,Pos
2017-08-15,Pos
2017-08-16,Pos
2017-08-17,Pos
2017-08-18,Neg
2017-08-21,Pos
2017-08-22,Pos
2017-08-23,Pos
2017-08-24,Pos
2017-08-25,Neg
2017-08-28,Neg
2017-08-29,Neg
2017-08-30,Neutral
2017-08-31,Neg
2017-09-01,Neutral
2017-09-05,Neg
2017-09-06,Neg
2017-09-07,Neg
2017-09-08,Neg
2017-09-11,Neutral
2017-09-12,Neutral
2017-09-13,Neutral
2017-09-14,Neutral
2017-09-15,Neg
2017-09-18,Neutral
2017-09-19,Neg
2017-09-20,Neg
2017-09-21,Neutral
2017-09-22,Neutral
2017-09-25,Neutral
2017-09-26,Neutral
2017-09-27,Neutral
2017-09-28,Neutral
2017-09-29,Neutral
2017-10-02,Neutral
2017-10-03,Neutral
2017-10-04,Neutral
2017-10-05,Neutral
2017-10-06,Neutral
2017-10-09,Neutral
2017-10-10,Neutral
2017-10-11,Neutral
2017-10-12,Neutral
2017-10-13,Neutral
2017-10-16,Neutral
2017-10-17,Neutral
2017-10-18,Neg
2017-10-19,Neutral
2017-10-20,Neg
2017-10-23,Neutral
2017-10-24,Pos
2017-10-25,Neutral
2017-10-26,Pos
2017-10-27,Pos
2017-10-30,Pos
2017-10-31,Pos
2017-11-01,Pos
2017-11-02,Pos
2017-11-03,Pos
2017-11-06,Neutral
2017-11-07,Pos
2017-11-08,Neutral
2017-11-09,Neutral
2017-11-10,Neutral
2017-11-13,Neutral
2017-11-14,Pos
2017-11-15,Pos
2017-11-16,Pos
2017-11-17,Pos
2017-11-20,Pos
2017-11-21,Neutral
2017-11-22,Pos
2017-11-24,Neg
2017-11-27,Neutral
2017-11-28,Pos
2017-11-29,Neutral
2017-11-30,Neutral
2017-12-01,Neutral
2017-12-04,Neutral
2017-12-05,Neutral
2017-12-06,Neutral
