Date,Open,High,Low,Close
2012-07-23,39.61,39.62,39.03,39.2
2012-07-24,39.31,39.35,38.88,39.02
2012-07-25,39.19,39.19,37.15,38.84
2012-07-26,39.44,39.8,39.28,39.38
2012-07-27,39.82,39.85,39.38,39.42
2012-07-30,39.58,39.69,39.44,39.5
2012-07-31,39.4,39.77,39.21,39.71
2012-08-01,39.8,39.94,39.25,39.39
2012-08-02,39.02,39.29,38.75,38.94
2012-08-03,39.95,40.89,39.94,40.51
2012-08-06,41.04,41.5,40.55,40.6
2012-08-07,40.78,40.98,40.6,40.87
2012-08-08,40.85,41.26,40.84,41.1
2012-08-09,41.07,41.24,40.65,41.07
2012-08-10,40.8,40.97,40.61,40.92
2012-08-13,40.96,41.1,40.87,41.0
2012-08-14,41.03,41.14,40.78,40.9
2012-08-15,40.89,40.94,40.55,40.7
2012-08-16,40.52,40.77,40.42,40.7
2012-08-17,40.74,40.74,40.32,40.5
2012-08-20,40.31,40.79,40.25,40.77
2012-08-21,40.71,41.4,40.68,41.11
2012-08-22,41.18,41.6,40.75,41.01
2012-08-23,40.93,41.39,40.81,41.28
2012-08-24,41.1,41.9,41.1,41.87
2012-08-27,41.84,41.9,41.66,41.73
2012-08-28,41.77,42.0,41.71,41.86
2012-08-29,41.87,41.95,41.64,41.67
2012-08-30,41.44,41.6,41.23,41.35
2012-08-31,41.74,41.93,41.42,41.51
2012-09-04,41.3,41.95,41.26,41.84
2012-09-05,41.85,42.0,41.39,41.67
2012-09-06,41.78,42.44,41.7,42.32
2012-09-07,40.84,40.91,39.7,39.99
2012-09-10,40.37,40.76,40.18,40.21
2012-09-11,40.17,40.29,39.62,39.77
2012-09-12,39.8,39.92,39.5,39.58
2012-09-13,39.53,40.25,39.53,40.13
2012-09-14,39.93,40.17,39.73,39.93
2012-09-17,39.48,39.71,39.32,39.7
2012-09-18,39.5,40.43,39.44,40.42
2012-09-19,40.5,40.92,40.47,40.84
2012-09-20,40.65,41.75,40.59,41.6
2012-09-21,41.76,42.19,41.65,41.78
2012-09-24,41.58,41.74,41.45,41.63
2012-09-25,41.5,41.95,41.31,41.36
2012-09-26,41.52,41.81,41.18,41.27
2012-09-27,41.16,41.34,41.0,41.2
2012-09-28,41.21,41.44,40.9,41.35
2012-10-01,41.08,42.54,41.08,42.52
2012-10-02,28.42,28.48,27.39,28.01
2012-10-03,28.18,28.29,27.73,27.83
2012-10-04,27.87,28.21,27.87,28.06
2012-10-05,28.25,28.37,27.74,27.81
2012-10-08,27.85,27.9,27.48,27.55
2012-10-09,27.55,27.62,27.28,27.36
2012-10-10,27.53,27.53,27.1,27.25
2012-10-11,27.3,27.41,27.15,27.24
2012-10-12,27.36,27.4,27.16,27.22
2012-10-15,27.48,27.5,27.19,27.22
2012-10-16,27.46,27.5,26.95,27.17
2012-10-17,27.04,27.5,27.04,27.45
2012-10-18,27.5,27.56,27.35,27.42
2012-10-19,27.4,27.44,26.92,27.01
2012-10-22,27.02,27.13,26.85,27.0
2012-10-23,26.77,26.94,26.54,26.68
2012-10-24,26.76,26.76,26.45,26.53
2012-10-25,26.68,26.79,26.38,26.47
2012-10-26,26.43,26.64,26.18,26.6
2012-10-31,26.75,26.79,26.3,26.55
2012-11-01,26.68,26.85,26.5,26.8
2012-11-02,26.8,26.8,26.24,26.28
2012-11-05,26.2,26.46,26.05,26.41
2012-11-06,26.02,26.63,26.0,26.49
2012-11-07,26.25,26.42,26.07,26.25
2012-11-08,25.8,26.59,25.76,26.11
2012-11-09,26.0,26.23,25.76,26.02
2012-11-12,26.08,26.17,25.9,25.96
2012-11-13,25.84,26.05,25.74,25.74
2012-11-14,25.76,25.81,25.1,25.14
2012-11-15,25.03,25.18,24.5,25.11
2012-11-16,25.11,25.6,25.03,25.56
2012-11-19,25.82,25.91,25.52,25.83
2012-11-20,26.01,26.04,25.5,25.54
2012-11-21,25.71,25.9,25.27,25.41
2012-11-23,25.42,25.65,25.28,25.62
2012-11-26,25.5,25.59,25.39,25.51
2012-11-27,25.55,25.61,25.25,25.27
2012-11-28,25.16,25.7,25.16,25.66
2012-11-29,25.77,25.8,25.53,25.78
2012-11-30,25.71,25.99,25.71,25.89
2012-12-03,26.02,26.02,25.58,25.67
2012-12-04,25.71,25.88,25.6,25.75
2012-12-05,25.71,25.9,25.46,25.49
2012-12-06,25.55,25.65,25.4,25.52
2012-12-07,25.66,25.74,25.3,25.58
2012-12-10,25.62,26.1,25.61,25.94
2012-12-11,26.02,26.23,25.98,26.13
2012-12-12,26.07,26.2,25.81,26.04
2012-12-13,26.0,26.17,25.75,26.1
2012-12-14,26.1,26.12,25.98,26.04
2012-12-17,26.01,26.16,25.91,26.05
2012-12-18,26.03,26.16,25.74,25.89
2012-12-19,25.88,26.08,25.79,25.94
2012-12-20,25.95,26.08,25.86,26.07
2012-12-21,25.75,25.81,25.47,25.76
2012-12-24,25.69,25.8,25.6,25.67
2012-12-26,25.61,25.74,25.35,25.38
2012-12-27,25.22,25.43,25.06,25.36
2012-12-28,25.18,25.37,25.15,25.26
2012-12-31,25.04,25.49,25.0,25.45
2013-01-02,25.84,26.69,25.78,26.67
2013-01-03,26.7,26.77,26.49,26.64
2013-01-04,26.7,26.83,26.55,26.74
2013-01-07,26.62,26.74,26.55,26.66
2013-01-08,26.52,26.92,26.46,26.68
2013-01-09,26.79,27.08,26.68,27.05
2013-01-10,27.13,27.34,27.09,27.31
2013-01-11,27.35,27.54,27.25,27.42
2013-01-14,27.46,27.52,27.17,27.48
2013-01-15,27.58,27.74,27.34,27.71
2013-01-16,27.75,27.92,27.58,27.82
2013-01-17,27.84,28.08,27.77,28.06
2013-01-18,27.97,28.1,27.82,28.08
2013-01-22,27.73,28.04,27.3,27.56
2013-01-23,27.5,27.89,27.35,27.79
2013-01-24,27.93,28.03,27.64,27.83
2013-01-25,27.83,27.89,27.69,27.78
2013-01-28,27.88,27.93,27.62,27.81
2013-01-29,27.54,27.92,27.54,27.83
2013-01-30,27.83,27.98,27.66,27.73
2013-01-31,27.65,27.95,27.65,27.79
2013-02-01,28.0,28.32,27.93,28.22
2013-02-04,28.01,28.15,27.83,27.88
2013-02-05,27.95,28.11,27.84,27.95
2013-02-06,27.9,28.13,27.8,28.0
2013-02-07,27.64,28.08,27.58,28.04
2013-02-08,27.8,28.1,27.75,27.76
2013-02-11,27.73,27.8,27.63,27.75
2013-02-12,27.7,27.83,27.27,27.68
2013-02-13,27.74,27.81,27.46,27.75
2013-02-14,26.69,27.02,26.45,26.57
2013-02-15,26.84,27.07,26.6,26.72
2013-02-19,26.75,27.19,26.75,26.96
2013-02-20,27.07,27.15,26.95,27.02
2013-02-21,26.99,27.04,26.64,26.82
2013-02-22,26.89,27.13,26.73,26.77
2013-02-25,26.79,27.08,26.48,26.49
2013-02-26,26.53,26.98,26.51,26.95
2013-02-27,26.86,27.67,26.86,27.57
2013-02-28,27.54,27.86,27.53,27.64
2013-03-01,26.94,27.86,26.94,27.81
2013-03-04,27.7,28.44,27.61,28.28
2013-03-05,28.36,28.67,28.33,28.51
2013-03-06,28.5,28.67,28.45,28.52
2013-03-07,28.67,28.68,28.44,28.55
2013-03-08,28.62,28.75,28.39,28.58
2013-03-11,28.54,28.58,28.42,28.43
2013-03-12,28.49,28.55,28.16,28.21
2013-03-13,28.3,28.51,28.21,28.47
2013-03-14,28.5,28.55,28.34,28.52
2013-03-15,28.45,28.68,28.36,28.41
2013-03-18,28.26,28.46,28.07,28.31
2013-03-19,28.29,28.54,28.16,28.34
2013-03-20,28.59,28.72,28.42,28.69
2013-03-21,28.58,28.74,28.41,28.56
2013-03-22,29.32,30.12,29.27,29.73
2013-03-25,29.95,30.3,29.7,29.88
2013-03-26,29.98,30.3,29.84,30.29
2013-03-27,29.91,30.38,29.87,30.35
2013-03-28,30.44,30.66,30.22,30.62
2013-04-01,30.42,30.81,30.38,30.68
2013-04-02,30.67,30.95,30.64,30.8
2013-04-03,30.76,30.83,30.1,30.29
2013-04-04,30.4,30.41,30.22,30.28
2013-04-05,29.88,30.21,29.84,30.03
2013-04-08,30.15,30.2,29.92,30.15
2013-04-09,30.12,30.24,29.93,30.13
2013-04-10,30.17,30.36,30.14,30.22
2013-04-11,30.53,30.65,30.33,30.34
2013-04-12,30.54,30.58,30.27,30.55
2013-04-15,30.68,30.75,30.15,30.19
2013-04-16,30.2,30.73,30.2,30.63
2013-04-17,30.39,30.52,29.75,29.82
2013-04-18,29.79,30.16,29.73,30.1
2013-04-19,30.14,31.8,30.05,31.68
2013-04-22,31.4,31.65,31.26,31.53
2013-04-23,31.56,32.02,31.5,31.86
2013-04-24,32.03,32.1,31.42,31.46
2013-04-25,31.66,31.83,31.48,31.68
2013-04-26,31.78,31.8,31.44,31.56
2013-04-29,31.52,31.66,31.35,31.62
2013-04-30,31.51,31.69,31.3,31.45
2013-05-01,31.3,31.69,31.3,31.46
2013-05-02,31.46,31.74,31.31,31.42
2013-05-03,31.68,31.83,31.51,31.73
2013-05-06,31.64,31.8,31.11,31.15
2013-05-07,31.06,31.43,31.04,31.41
2013-05-08,31.16,31.5,30.64,30.92
2013-05-09,30.96,31.05,30.53,30.58
2013-05-10,30.73,30.78,30.42,30.63
2013-05-13,30.52,30.9,30.45,30.83
2013-05-14,30.84,31.27,30.83,31.18
2013-05-15,31.2,31.53,31.11,31.5
2013-05-16,31.4,31.68,31.2,31.46
2013-05-17,31.41,31.62,31.15,31.5
2013-05-20,31.49,31.51,30.74,30.8
2013-05-21,30.92,31.01,30.59,31.0
2013-05-22,30.94,31.99,30.9,31.77
2013-05-23,31.43,31.76,30.98,31.23
2013-05-24,31.0,31.33,30.76,30.95
2013-05-28,31.23,31.92,31.11,31.28
2013-05-29,31.08,31.21,30.27,30.28
2013-05-30,30.05,30.17,29.58,29.6
2013-05-31,29.39,29.84,29.21,29.48
2013-06-03,29.47,29.75,29.21,29.74
2013-06-04,29.92,30.06,29.36,29.57
2013-06-05,29.45,29.59,29.33,29.47
2013-06-06,29.51,29.58,29.08,29.29
2013-06-07,29.54,29.96,29.31,29.86
2013-06-10,29.84,30.18,29.46,29.58
2013-06-11,29.94,29.97,29.21,29.8
2013-06-12,30.0,30.05,29.46,29.53
2013-06-13,29.48,30.0,29.19,29.97
2013-06-14,29.82,30.23,29.62,29.81
2013-06-17,29.91,30.64,29.91,30.34
2013-06-18,30.33,30.61,30.24,30.5
2013-06-19,30.41,30.57,29.53,29.53
2013-06-20,29.21,29.44,28.24,28.34
2013-06-21,28.62,29.01,28.22,28.84
2013-06-24,28.58,28.86,28.42,28.64
2013-06-25,28.88,28.97,28.53,28.62
2013-06-26,28.82,29.04,28.68,28.85
2013-06-27,29.06,29.33,28.89,29.15
2013-06-28,28.89,29.2,28.53,28.53
2013-07-01,28.79,29.45,28.71,29.04
2013-07-02,28.8,29.16,28.69,28.78
2013-07-03,28.58,28.79,28.54,28.58
2013-07-05,28.9,28.99,28.5,28.78
2013-07-08,28.95,29.05,28.69,28.75
2013-07-09,29.04,29.17,28.74,29.04
2013-07-10,29.03,29.22,28.9,29.15
2013-07-11,29.6,30.2,29.45,30.16
2013-07-12,30.16,30.42,30.03,30.36
2013-07-15,30.47,30.5,30.09,30.18
2013-07-16,30.1,30.18,29.75,29.86
2013-07-17,30.13,31.18,29.84,30.5
2013-07-18,30.59,30.91,30.38,30.58
2013-07-19,30.59,30.71,30.18,30.69
2013-07-22,30.69,31.37,30.45,30.7
2013-07-23,30.77,31.32,30.7,31.08
2013-07-24,31.05,31.1,30.6,30.8
2013-07-25,30.57,31.19,30.53,31.14
2013-07-26,30.83,31.6,30.8,31.58
2013-07-29,31.45,31.7,31.26,31.61
2013-07-30,31.81,31.86,30.99,31.05
2013-07-31,31.04,31.5,31.0,31.27
2013-08-01,31.57,31.78,31.31,31.71
2013-08-02,31.67,32.0,31.48,31.94
2013-08-05,31.76,31.86,31.48,31.77
2013-08-06,31.53,31.92,31.5,31.86
2013-08-07,31.91,31.91,31.14,31.26
2013-08-08,31.95,32.91,31.57,32.7
2013-08-09,32.5,32.7,31.97,32.16
2013-08-12,31.96,32.09,31.6,31.88
2013-08-13,32.0,32.32,31.89,32.08
2013-08-14,31.96,31.99,31.59,31.6
2013-08-15,31.26,31.34,30.92,31.17
2013-08-16,31.06,31.18,30.73,30.96
2013-08-19,30.99,31.02,30.6,30.66
2013-08-20,30.7,31.03,30.59,30.75
2013-08-21,30.7,31.01,30.46,30.52
2013-08-22,30.57,32.56,30.4,31.1
2013-08-23,31.2,31.46,30.95,31.32
2013-08-26,31.22,31.3,30.64,30.72
2013-08-27,30.5,30.81,30.4,30.7
2013-08-28,30.6,30.9,30.18,30.55
2013-08-29,30.34,30.87,30.15,30.7
2013-08-30,30.64,30.98,30.55,30.67
2013-09-03,31.14,31.24,30.53,30.79
2013-09-04,30.69,31.19,30.66,30.88
2013-09-05,30.88,30.95,30.7,30.74
2013-09-06,30.9,31.22,30.43,30.94
2013-09-09,30.91,31.15,30.79,31.11
2013-09-10,31.33,31.46,30.69,31.04
2013-09-11,31.29,31.34,30.75,31.29
2013-09-12,31.34,31.38,31.08,31.27
2013-09-13,31.33,31.57,31.21,31.55
2013-09-16,31.73,31.96,31.64,31.86
2013-09-17,31.78,32.1,31.67,31.98
2013-09-18,31.9,32.93,31.84,32.73
2013-09-19,32.77,33.08,32.5,32.94
2013-09-20,32.9,32.9,32.26,32.3
2013-09-23,31.77,32.34,31.7,31.94
2013-09-24,31.95,32.35,31.9,32.06
2013-09-25,30.05,32.35,30.05,32.1
2013-09-26,32.04,32.12,31.82,31.97
2013-09-27,31.72,32.11,31.66,31.8
2013-09-30,31.49,31.8,30.88,31.42
2013-10-01,31.31,31.41,30.66,30.85
2013-10-02,30.72,30.85,30.06,30.65
2013-10-03,30.54,30.69,30.34,30.54
2013-10-04,30.48,31.13,30.48,30.86
2013-10-07,30.49,30.91,30.33,30.76
2013-10-08,30.79,31.06,30.68,30.69
2013-10-09,30.84,30.99,30.55,30.61
2013-10-10,30.92,31.35,30.76,31.2
2013-10-11,31.17,31.22,30.69,30.85
2013-10-14,30.76,30.91,30.42,30.68
2013-10-15,30.73,30.84,30.42,30.56
2013-10-16,30.85,31.5,30.72,31.44
2013-10-17,31.33,32.34,31.17,32.29
2013-10-18,32.28,32.49,32.08,32.44
2013-10-21,32.36,32.5,32.28,32.49
2013-10-22,32.58,33.58,32.48,33.26
2013-10-23,33.1,33.35,33.05,33.11
2013-10-24,33.09,33.28,32.82,33.25
2013-10-25,33.36,33.5,33.01,33.48
2013-10-28,33.34,33.89,33.32,33.57
2013-10-29,33.72,33.93,33.55,33.9
2013-10-30,34.0,34.1,33.64,33.84
2013-10-31,33.75,33.97,33.29,33.65
2013-11-01,33.75,33.79,33.42,33.59
2013-11-04,33.63,33.87,33.33,33.61
2013-11-05,33.41,33.66,33.24,33.44
2013-11-06,33.16,33.5,32.99,33.44
2013-11-07,33.23,33.23,31.79,32.09
2013-11-08,32.03,32.82,31.76,32.68
2013-11-11,32.72,32.89,32.29,32.36
2013-11-12,32.33,32.51,32.07,32.43
2013-11-13,33.24,33.33,32.68,33.31
2013-11-14,33.42,34.25,33.31,34.16
2013-11-15,33.99,34.3,33.84,34.05
2013-11-18,33.98,34.21,33.83,33.96
2013-11-19,33.66,34.06,33.52,33.72
2013-11-20,33.77,34.01,33.43,33.49
2013-11-21,33.53,33.95,33.38,33.85
2013-11-22,33.62,34.16,33.58,33.89
2013-11-25,34.09,34.14,33.54,33.61
2013-11-26,33.68,34.2,33.6,33.89
2013-11-27,33.8,34.04,33.5,33.98
2013-11-29,33.73,33.98,33.14,33.53
2013-12-02,33.6,33.66,33.22,33.44
2013-12-03,34.0,34.39,33.69,33.9
2013-12-04,33.57,34.31,33.42,34.27
2013-12-05,34.09,34.44,33.85,34.4
2013-12-06,34.86,35.13,34.63,35.09
2013-12-09,35.09,35.2,34.62,34.69
2013-12-10,34.67,34.67,34.0,34.06
2013-12-11,34.18,34.5,34.02,34.08
2013-12-12,33.82,34.22,33.69,33.98
2013-12-13,34.03,34.23,33.71,33.85
2013-12-16,33.84,34.13,33.76,33.86
2013-12-17,33.97,34.13,33.71,33.96
2013-12-18,34.02,34.67,33.5,34.64
2013-12-19,34.55,34.63,33.95,34.43
2013-12-20,34.5,34.94,34.16,34.67
2013-12-23,34.68,34.87,34.52,34.7
2013-12-24,34.61,34.84,34.58,34.72
2013-12-26,34.71,34.98,34.64,34.91
2013-12-27,34.93,34.95,34.75,34.91
2013-12-30,34.53,35.15,34.53,35.13
2013-12-31,35.21,35.43,34.95,35.3
2014-01-02,35.03,35.2,34.75,34.81
2014-01-03,34.78,35.01,34.63,34.75
2014-01-06,34.85,34.94,34.38,34.53
2014-01-07,34.52,34.93,34.5,34.81
2014-01-08,34.7,34.86,34.59,34.82
2014-01-09,34.58,35.4,34.55,35.36
2014-01-10,35.49,35.84,35.21,35.8
2014-01-13,35.58,35.79,35.1,35.2
2014-01-14,34.24,35.63,34.23,35.4
2014-01-15,35.39,35.94,35.2,35.7
2014-01-16,35.67,36.05,35.31,35.7
2014-01-17,35.48,35.68,34.99,35.25
2014-01-21,34.9,34.9,33.96,34.45
2014-01-22,34.58,34.87,34.4,34.45
2014-01-23,34.31,34.67,34.13,34.45
2014-01-24,34.47,34.48,33.62,33.65
2014-01-27,33.64,33.86,33.4,33.61
2014-01-28,33.56,33.98,33.54,33.73
2014-01-29,33.32,33.5,32.9,32.99
2014-01-30,32.99,33.27,32.91,32.93
2014-01-31,32.31,33.05,32.28,32.76
2014-02-03,32.8,32.8,32.02,32.08
2014-02-04,32.26,32.29,31.87,32.01
2014-02-05,31.84,32.28,31.84,32.09
2014-02-06,32.2,32.8,32.14,32.7
2014-02-07,32.93,33.06,32.69,32.93
2014-02-10,32.79,33.14,32.75,33.12
2014-02-11,32.99,33.4,32.9,33.28
2014-02-12,33.47,33.47,33.05,33.21
2014-02-13,32.87,34.04,32.78,34.01
2014-02-14,33.83,34.28,33.77,34.12
2014-02-18,34.25,34.3,33.94,34.19
2014-02-19,34.02,34.35,33.98,34.26
2014-02-20,34.21,34.78,34.19,34.48
2014-02-21,34.95,34.95,34.3,34.3
2014-02-24,34.26,34.67,34.23,34.4
2014-02-25,34.42,34.5,33.95,33.95
2014-02-26,33.96,34.22,33.81,33.92
2014-02-27,33.76,33.94,33.67,33.85
2014-02-28,33.34,34.24,33.24,34.03
2014-03-03,33.7,33.88,33.58,33.8
2014-03-04,34.0,34.38,33.92,34.31
2014-03-05,33.88,34.49,33.83,34.33
2014-03-06,34.46,34.94,34.11,34.88
2014-03-07,34.97,35.09,34.6,35.08
2014-03-10,35.16,35.2,34.85,35.08
2014-03-11,35.03,35.28,34.9,34.97
2014-03-12,34.67,34.93,34.46,34.9
2014-03-13,35.0,35.12,34.37,34.53
2014-03-14,34.27,34.78,34.22,34.25
2014-03-17,34.49,34.52,34.07,34.25
2014-03-18,34.2,34.53,34.07,34.4
2014-03-19,34.58,34.59,33.81,34.15
2014-03-20,34.13,34.39,33.97,34.26
2014-03-21,34.72,34.72,34.04,34.13
2014-03-24,33.43,34.18,33.43,33.84
2014-03-25,34.05,34.46,33.95,34.29
2014-03-26,34.44,34.6,34.16,34.17
2014-03-27,33.99,34.38,33.94,34.21
2014-03-28,34.35,34.56,34.27,34.4
2014-03-31,34.52,34.89,34.44,34.55
2014-04-01,34.73,34.85,34.4,34.82
2014-04-02,34.76,35.14,34.73,34.92
2014-04-03,34.92,35.02,34.65,34.77
2014-04-04,35.02,35.2,34.44,34.54
2014-04-07,34.45,34.59,34.13,34.22
2014-04-08,34.19,34.85,34.17,34.6
2014-04-09,34.51,35.01,34.51,34.95
2014-04-10,34.98,35.34,34.64,34.71
2014-04-11,34.56,34.71,34.2,34.31
2014-04-14,34.68,34.75,34.18,34.45
2014-04-15,34.61,34.61,34.02,34.26
2014-04-16,34.6,34.8,34.31,34.77
2014-04-17,34.68,34.89,34.49,34.65
2014-04-21,34.68,34.85,34.61,34.78
2014-04-22,34.68,35.41,34.67,35.03
2014-04-23,34.94,35.25,34.93,35.11
2014-04-24,35.14,35.47,35.07,35.3
2014-04-25,35.16,35.5,35.06,35.34
2014-04-28,35.47,36.01,35.4,35.94
2014-04-29,36.12,36.12,35.46,35.6
2014-04-30,35.41,35.71,35.34,35.65
2014-05-01,35.78,35.79,35.34,35.63
2014-05-02,35.95,35.95,35.36,35.48
2014-05-05,35.29,35.68,35.27,35.61
2014-05-06,35.28,35.65,35.18,35.22
2014-05-07,37.55,38.47,37.5,38.1
2014-05-08,37.75,38.12,37.6,37.79
2014-05-09,37.61,37.97,37.52,37.96
2014-05-12,38.0,38.0,37.46,37.59
2014-05-13,37.87,37.98,37.66,37.85
2014-05-14,37.69,37.98,37.55,37.6
2014-05-15,37.51,37.6,37.11,37.24
2014-05-16,37.28,37.58,37.08,37.51
2014-05-19,37.38,37.6,37.32,37.38
2014-05-20,37.41,37.48,37.19,37.42
2014-05-21,37.41,37.98,37.4,37.63
2014-05-22,37.61,37.61,37.28,37.29
2014-05-23,37.5,37.51,37.19,37.24
2014-05-27,37.26,37.5,37.25,37.43
2014-05-28,37.41,37.5,37.26,37.4
2014-05-29,37.48,37.49,37.33,37.48
2014-05-30,37.62,37.67,37.32,37.62
2014-06-02,37.54,37.92,37.44,37.77
2014-06-03,37.86,37.93,37.54,37.92
2014-06-04,37.8,38.17,37.7,38.16
2014-06-05,38.41,38.41,37.92,38.23
2014-06-06,38.4,38.4,38.14,38.23
2014-06-09,38.09,38.26,37.97,38.07
2014-06-10,37.91,38.0,37.63,37.75
2014-06-11,37.7,37.81,37.47,37.6
2014-06-12,37.6,37.64,37.14,37.31
2014-06-13,37.46,37.56,37.3,37.45
2014-06-16,37.39,37.47,37.15,37.25
2014-06-17,37.11,37.44,37.0,37.37
2014-06-18,37.23,37.63,37.15,37.56
2014-06-19,37.8,37.81,37.37,37.5
2014-06-20,37.63,37.73,37.36,37.49
2014-06-23,37.38,37.49,37.07,37.23
2014-06-24,37.19,37.43,37.06,37.14
2014-06-25,37.13,37.17,36.96,37.11
2014-06-26,37.39,37.77,37.15,37.63
2014-06-27,37.43,37.58,37.14,37.3
2014-06-30,37.17,37.81,37.03,37.61
2014-07-01,37.81,38.07,37.55,37.87
2014-07-02,37.89,37.94,37.59,37.91
2014-07-03,38.2,38.29,37.74,37.97
2014-07-07,37.97,37.99,37.76,37.95
2014-07-08,37.81,38.39,37.81,38.08
2014-07-09,38.15,38.45,37.98,38.01
2014-07-10,37.78,38.05,37.69,37.99
2014-07-11,37.76,39.54,37.76,38.42
2014-07-14,38.65,38.75,38.34,38.56
2014-07-15,38.44,38.61,38.08,38.1
2014-07-16,38.12,38.31,38.0,38.14
2014-07-17,37.9,38.16,37.84,37.99
2014-07-18,38.1,38.5,37.96,38.48
2014-07-21,38.02,38.48,38.02,38.27
2014-07-22,38.32,38.63,38.32,38.51
2014-07-23,38.54,38.61,38.26,38.29
2014-07-24,38.34,38.47,38.2,38.31
2014-07-25,38.29,38.31,38.04,38.18
2014-07-28,38.32,38.33,38.0,38.22
2014-07-29,38.3,38.39,37.98,38.01
2014-07-30,38.17,38.18,36.96,36.97
2014-07-31,36.62,36.79,35.98,36.02
2014-08-01,36.23,36.43,35.92,36.33
2014-08-04,36.22,36.51,36.13,36.45
2014-08-05,36.21,36.43,35.79,35.96
2014-08-06,35.29,36.76,35.12,35.66
2014-08-07,36.56,36.56,34.92,35.07
2014-08-08,35.14,35.52,35.1,35.48
2014-08-11,35.54,35.9,35.48,35.76
2014-08-12,35.65,35.79,35.57,35.67
2014-08-13,35.68,35.92,35.68,35.8
2014-08-14,35.79,35.9,35.64,35.7
2014-08-15,36.0,36.0,35.59,35.78
2014-08-18,36.08,36.08,35.86,36.04
2014-08-19,36.02,36.34,35.81,36.17
2014-08-20,36.25,36.29,36.06,36.2
2014-08-21,36.24,36.35,36.13,36.16
2014-08-22,36.06,36.19,35.8,35.85
2014-08-25,36.16,36.22,36.0,36.15
2014-08-26,36.14,36.26,35.93,36.07
2014-08-27,36.1,36.24,36.0,36.24
2014-08-28,36.18,36.44,36.06,36.29
2014-08-29,36.32,36.35,36.07,36.19
2014-09-02,36.29,36.35,35.54,35.74
2014-09-03,35.96,35.99,35.73,35.82
2014-09-04,35.87,36.02,35.4,35.5
2014-09-05,35.7,35.74,35.22,35.69
2014-09-08,35.5,35.69,35.27,35.32
2014-09-09,35.22,35.7,35.15,35.53
2014-09-10,35.67,35.68,35.36,35.6
2014-09-11,35.2,35.76,35.17,35.75
2014-09-12,35.59,35.68,35.25,35.32
2014-09-15,35.29,35.53,35.21,35.43
2014-09-16,35.35,35.69,35.28,35.54
2014-09-17,35.73,35.73,35.33,35.42
2014-09-18,35.46,35.83,35.32,35.81
2014-09-19,36.0,36.01,35.62,35.67
2014-09-22,35.53,35.61,34.86,35.03
2014-09-23,34.99,35.03,34.59,34.63
2014-09-24,34.56,35.27,34.51,35.26
2014-09-25,35.19,35.26,34.69,34.74
2014-09-26,34.47,34.68,34.12,34.45
2014-09-29,34.27,34.39,34.09,34.2
2014-09-30,34.2,34.34,33.93,34.26
2014-10-01,34.11,34.27,33.52,33.75
2014-10-02,33.67,34.17,33.38,33.84
2014-10-03,34.78,34.91,33.92,34.25
2014-10-06,34.45,34.49,34.04,34.42
2014-10-07,34.18,34.34,33.91,33.92
2014-10-08,33.85,34.4,33.65,34.39
2014-10-09,34.29,34.45,33.65,33.65
2014-10-10,33.75,34.0,33.49,33.49
2014-10-13,33.4,33.63,32.98,32.98
2014-10-14,33.23,33.35,32.76,32.8
2014-10-15,32.56,32.93,31.83,32.67
2014-10-16,32.17,32.42,31.9,32.1
2014-10-17,32.04,32.83,31.96,32.62
2014-10-20,32.46,32.98,32.32,32.94
2014-10-21,32.99,33.24,32.85,33.23
2014-10-22,33.64,34.16,33.5,33.89
2014-10-23,34.16,34.32,33.99,34.11
2014-10-24,34.21,34.41,33.94,34.37
2014-10-27,34.26,34.8,34.26,34.73
2014-10-28,34.9,35.3,34.73,35.29
2014-10-29,35.34,35.49,34.58,34.93
2014-10-30,34.76,35.26,34.7,35.16
2014-10-31,35.95,35.95,35.06,35.26
2014-11-03,35.21,35.46,35.12,35.41
2014-11-04,35.5,35.53,34.95,35.03
2014-11-05,36.25,37.44,36.18,37.15
2014-11-06,37.5,38.07,37.26,37.84
2014-11-07,37.84,37.97,37.44,37.76
2014-11-10,37.72,37.92,37.43,37.9
2014-11-11,37.94,38.14,37.72,37.77
2014-11-12,37.7,37.99,37.47,37.92
2014-11-13,38.14,38.33,37.8,38.23
2014-11-14,38.26,38.44,38.02,38.16
2014-11-17,38.16,38.39,37.99,38.37
2014-11-18,38.15,38.86,38.1,38.7
2014-11-19,38.76,39.24,38.6,39.1
2014-11-20,38.8,39.02,38.65,38.93
2014-11-21,39.41,39.41,38.92,39.0
2014-11-24,39.18,39.23,38.76,38.99
2014-11-25,38.97,39.05,38.68,38.76
2014-11-26,38.74,39.05,38.74,39.0
2014-11-28,39.42,39.42,39.03,39.2
2014-12-01,39.2,39.27,38.84,38.98
2014-12-02,38.69,39.06,38.69,38.89
2014-12-03,38.82,38.97,38.15,38.67
2014-12-04,38.52,38.66,38.31,38.41
2014-12-05,38.54,38.6,38.24,38.5
2014-12-08,38.4,38.59,38.16,38.24
2014-12-09,38.06,38.69,37.89,38.56
2014-12-10,38.43,38.64,38.06,38.11
2014-12-11,38.54,38.54,38.06,38.13
2014-12-12,37.71,38.0,37.23,37.23
2014-12-15,37.44,37.44,36.56,36.67
2014-12-16,36.56,36.94,35.99,36.02
2014-12-17,36.07,36.17,35.68,36.0
2014-12-18,36.42,36.74,36.17,36.58
2014-12-19,36.52,37.58,36.48,37.3
2014-12-22,37.39,37.68,37.19,37.5
2014-12-23,37.58,37.79,37.38,37.58
2014-12-24,37.73,37.81,37.49,37.63
2014-12-26,37.64,37.85,37.57,37.76
2014-12-29,37.49,37.56,37.14,37.34
2014-12-30,37.22,37.37,37.0,37.02
2014-12-31,37.03,37.14,36.31,36.32
2015-01-02,36.43,36.94,36.27,36.79
2015-01-05,36.71,36.77,36.12,36.24
2015-01-06,36.37,36.65,35.79,35.99
2015-01-07,36.19,37.2,35.97,37.12
2015-01-08,37.09,37.88,37.09,37.59
2015-01-09,37.31,37.74,37.06,37.22
2015-01-12,36.97,37.24,36.7,36.87
2015-01-13,37.05,37.38,36.34,36.62
2015-01-14,36.19,36.65,36.07,36.54
2015-01-15,36.78,36.99,36.37,36.54
2015-01-16,36.51,36.96,36.27,36.94
2015-01-20,37.3,37.45,36.7,37.02
2015-01-21,36.87,37.19,36.69,37.15
2015-01-22,37.44,37.6,36.95,37.59
2015-01-23,37.61,37.61,36.92,36.94
2015-01-26,36.8,36.98,36.37,36.58
2015-01-27,36.19,36.3,35.98,36.08
2015-01-28,36.08,36.47,35.66,35.66
2015-01-29,35.46,35.8,35.16,35.74
2015-01-30,35.46,35.77,35.21,35.24
2015-02-02,35.24,35.78,34.89,35.76
2015-02-03,35.83,36.15,35.75,36.06
2015-02-04,35.91,36.42,35.91,36.02
2015-02-05,36.01,36.27,35.92,36.26
2015-02-06,36.26,36.28,35.81,35.91
2015-02-09,35.42,36.16,35.42,35.71
2015-02-10,35.53,36.01,35.51,35.81
2015-02-11,36.26,37.45,36.25,36.74
2015-02-12,36.98,37.23,36.49,36.98
2015-02-13,37.14,37.16,36.56,36.78
2015-02-17,36.8,37.16,36.61,37.15
2015-02-18,36.96,37.25,36.84,36.94
2015-02-19,36.95,37.14,36.72,37.0
2015-02-20,37.04,37.07,36.71,36.97
2015-02-23,36.75,37.1,36.75,37.0
2015-02-24,36.99,37.11,36.85,37.0
2015-02-25,36.91,37.1,36.66,36.66
2015-02-26,36.73,36.92,36.56,36.72
2015-02-27,36.89,37.01,36.65,36.94
2015-03-02,36.94,37.01,36.79,36.89
2015-03-03,36.8,36.88,36.6,36.64
2015-03-04,36.5,36.55,36.28,36.44
2015-03-05,36.58,36.59,36.38,36.51
2015-03-06,36.32,36.38,35.01,35.22
2015-03-09,35.23,35.64,35.22,35.42
2015-03-10,35.06,35.37,34.49,34.5
2015-03-11,34.36,34.57,34.2,34.34
2015-03-12,34.55,35.16,34.49,35.0
2015-03-13,34.78,35.05,34.27,34.51
2015-03-16,34.73,34.96,34.53,34.71
2015-03-17,34.5,34.64,34.28,34.36
2015-03-18,34.39,35.16,33.97,35.02
2015-03-19,34.99,35.07,34.56,34.66
2015-03-20,34.87,35.27,34.72,34.74
2015-03-23,34.85,35.6,34.63,35.3
2015-03-24,35.47,35.63,34.95,35.01
2015-03-25,35.6,36.46,35.5,35.8
2015-03-26,35.87,36.03,34.94,35.08
2015-03-27,35.06,35.69,34.76,35.55
2015-03-30,35.85,36.55,35.71,36.5
2015-03-31,36.4,36.49,36.04,36.09
2015-04-01,36.22,36.31,35.93,36.3
2015-04-02,36.3,36.67,36.1,36.63
2015-04-06,36.39,37.13,36.36,37.0
2015-04-07,36.88,37.15,36.82,37.0
2015-04-08,37.05,37.43,36.95,37.39
2015-04-09,37.27,37.42,37.13,37.38
2015-04-10,37.42,37.64,37.17,37.4
2015-04-13,37.38,37.42,37.22,37.25
2015-04-14,37.1,37.55,37.05,37.47
2015-04-15,37.45,37.74,37.35,37.55
2015-04-16,37.41,37.5,37.27,37.31
2015-04-17,36.95,37.05,36.68,36.96
2015-04-20,37.05,37.15,36.92,36.99
2015-04-21,37.1,37.14,36.42,36.52
2015-04-22,36.63,36.88,36.44,36.83
2015-04-23,36.75,36.91,36.62,36.81
2015-04-24,36.43,36.86,36.43,36.82
2015-04-27,36.81,37.02,36.64,36.8
2015-04-28,36.67,36.82,36.48,36.8
2015-04-29,37.89,38.85,37.75,38.7
2015-04-30,38.8,39.08,38.32,38.37
2015-05-01,38.53,38.68,38.41,38.65
2015-05-04,38.5,38.79,38.48,38.62
2015-05-05,38.55,38.68,38.16,38.32
2015-05-06,38.42,38.46,38.08,38.45
2015-05-07,38.42,39.12,38.21,38.98
2015-05-08,39.3,39.58,39.22,39.44
2015-05-11,39.33,39.63,39.31,39.33
2015-05-12,39.11,39.42,38.91,39.31
2015-05-13,39.36,39.58,39.02,39.31
2015-05-14,39.54,40.14,39.52,40.05
2015-05-15,40.18,40.51,39.94,40.45
2015-05-18,40.12,40.31,39.94,40.0
2015-05-19,40.0,40.3,39.86,40.25
2015-05-20,40.34,40.83,40.1,40.66
2015-05-21,40.65,40.71,40.21,40.31
2015-05-22,40.22,40.36,40.14,40.17
2015-05-26,40.15,40.17,39.73,39.94
2015-05-27,39.97,40.2,39.89,40.14
2015-05-28,40.13,40.66,39.96,40.47
2015-05-29,40.55,41.6,40.47,41.59
2015-06-01,41.6,41.81,40.42,40.69
2015-06-02,40.45,40.82,40.01,40.8
2015-06-03,41.02,41.12,40.75,41.03
2015-06-04,40.79,40.92,40.36,40.42
2015-06-05,40.35,40.42,39.78,40.02
2015-06-08,40.07,40.21,39.94,40.05
2015-06-09,40.08,40.31,39.98,40.22
2015-06-10,40.32,40.63,40.26,40.37
2015-06-11,40.36,40.62,40.28,40.36
2015-06-12,40.79,40.79,40.18,40.47
2015-06-15,40.15,40.43,39.99,40.11
2015-06-16,40.2,40.79,40.04,40.74
2015-06-17,40.68,40.9,40.4,40.79
2015-06-18,40.93,41.06,40.82,40.85
2015-06-19,40.87,41.44,40.87,41.04
2015-06-22,41.17,41.45,41.0,41.05
2015-06-23,41.0,41.24,40.88,41.1
2015-06-24,41.18,41.29,40.98,41.08
2015-06-25,41.19,41.47,41.03,41.08
2015-06-26,41.01,41.35,40.99,41.11
2015-06-29,40.85,41.05,40.7,40.84
2015-06-30,41.3,41.34,40.9,41.14
2015-07-01,41.2,41.64,41.2,41.61
2015-07-02,41.73,41.84,41.26,41.55
2015-07-06,41.2,41.48,40.98,41.26
2015-07-07,41.48,41.89,40.99,41.78
2015-07-08,41.68,41.75,41.31,41.41
2015-07-09,41.73,41.85,41.24,41.25
2015-07-10,41.51,41.69,41.34,41.41
2015-07-13,41.71,41.73,41.55,41.6
2015-07-14,41.69,41.99,41.48,41.88
2015-07-15,41.85,41.9,41.18,41.34
2015-07-16,41.6,42.0,41.47,41.97
2015-07-17,41.96,41.96,41.42,41.89
2015-07-20,41.65,41.87,41.59,41.81
2015-07-21,41.85,42.24,41.79,42.07
2015-07-22,42.4,43.0,42.12,42.25
2015-07-23,42.02,42.4,42.0,42.12
2015-07-24,42.13,42.23,41.82,42.03
2015-07-27,41.87,42.09,41.27,42.03
2015-07-28,42.33,42.87,42.06,42.8
2015-07-29,42.63,43.29,42.61,43.1
2015-07-30,44.21,45.31,44.05,45.27
2015-07-31,45.02,45.21,44.66,45.13
2015-08-03,45.28,45.51,45.0,45.49
2015-08-04,45.39,45.72,45.26,45.6
2015-08-05,45.76,46.59,45.76,46.29
2015-08-06,48.55,48.58,46.11,46.81
2015-08-07,46.81,46.92,45.82,46.11
2015-08-10,45.68,46.45,45.6,46.41
2015-08-11,46.21,46.21,45.7,46.1
2015-08-12,45.54,46.57,45.35,46.53
2015-08-13,46.63,46.82,46.01,46.01
2015-08-14,46.13,46.54,45.95,46.48
2015-08-17,46.35,46.5,46.12,46.2
2015-08-18,46.16,46.44,45.95,46.15
2015-08-19,45.92,46.0,45.13,45.21
2015-08-20,44.95,45.14,43.92,44.0
2015-08-21,43.6,44.07,43.18,43.2
2015-08-24,41.12,42.79,38.91,41.96
2015-08-25,42.54,43.11,41.28,41.31
2015-08-26,42.15,42.33,41.06,42.2
2015-08-27,42.43,42.94,41.92,42.76
2015-08-28,42.44,43.13,42.39,42.8
2015-08-31,42.68,42.78,42.24,42.36
2015-09-01,41.69,42.0,40.73,41.01
2015-09-02,41.44,42.3,41.31,42.27
2015-09-03,42.54,43.91,42.49,43.24
2015-09-04,42.64,43.03,42.3,42.57
2015-09-08,43.29,43.31,42.36,42.93
2015-09-09,43.46,43.46,41.81,41.99
2015-09-10,41.78,42.73,41.76,42.38
2015-09-11,42.58,42.71,42.18,42.68
2015-09-14,42.72,42.75,42.08,42.28
2015-09-15,42.49,43.05,42.16,42.99
2015-09-16,43.1,43.38,42.96,43.04
2015-09-17,43.25,44.29,43.18,43.72
2015-09-18,43.25,43.73,42.77,42.85
2015-09-21,42.98,43.1,42.73,42.85
2015-09-22,42.35,42.43,41.7,41.99
2015-09-23,42.06,42.38,41.87,42.28
2015-09-24,42.06,42.3,41.52,42.13
2015-09-25,42.51,43.22,42.44,42.8
2015-09-28,42.4,42.98,41.44,41.47
2015-09-29,41.52,41.52,40.29,40.81
2015-09-30,41.24,42.0,41.16,41.87
2015-10-01,42.27,42.53,41.69,42.21
2015-10-02,41.86,43.57,41.55,43.56
2015-10-05,43.87,44.46,43.63,44.29
2015-10-06,44.3,44.41,43.83,43.9
2015-10-07,44.11,44.43,43.8,44.33
2015-10-08,44.36,45.32,44.08,45.3
2015-10-09,45.2,45.32,44.77,45.0
2015-10-12,44.78,45.22,44.75,45.05
2015-10-13,44.9,45.27,44.69,44.84
2015-10-14,44.48,44.98,44.48,44.74
2015-10-15,44.94,44.99,44.12,44.98
2015-10-16,45.11,45.86,45.07,45.85
2015-10-19,45.8,46.46,45.5,46.42
2015-10-20,46.55,46.65,45.67,45.74
2015-10-21,45.88,46.02,45.05,45.45
2015-10-22,45.59,47.42,45.59,46.94
2015-10-23,46.88,47.0,46.4,46.53
2015-10-26,46.53,46.99,46.32,46.8
2015-10-27,46.81,46.97,46.45,46.6
2015-10-28,46.16,47.0,45.42,46.4
2015-10-29,46.32,46.44,45.47,46.28
2015-10-30,46.28,46.62,46.02,46.16
2015-11-02,46.36,46.63,45.08,46.44
2015-11-03,46.31,46.5,45.88,46.4
2015-11-04,46.73,46.77,45.73,45.88
2015-11-05,45.86,45.93,45.38,45.88
2015-11-06,45.64,45.73,44.41,44.88
2015-11-09,44.69,44.78,43.89,44.39
2015-11-10,44.35,44.78,44.3,44.59
2015-11-11,44.84,44.96,44.44,44.47
2015-11-12,44.3,44.44,43.6,43.64
2015-11-13,43.5,43.88,43.12,43.27
2015-11-16,43.51,44.08,43.42,44.06
2015-11-17,44.08,44.33,43.69,43.82
2015-11-18,43.96,44.54,43.79,44.48
2015-11-19,44.59,44.81,44.43,44.58
2015-11-20,44.93,45.0,43.75,43.95
2015-11-23,43.88,44.26,43.75,44.08
2015-11-24,43.79,44.16,43.75,43.98
2015-11-25,43.95,44.15,43.85,43.93
2015-11-27,44.07,44.56,43.79,44.42
2015-11-30,44.42,44.58,43.62,43.66
2015-12-01,44.08,44.54,43.76,44.32
2015-12-02,44.34,44.35,43.76,43.86
2015-12-03,43.91,44.13,42.41,42.61
2015-12-04,42.83,44.54,42.82,44.5
2015-12-07,44.43,44.5,43.73,44.03
2015-12-08,43.49,44.2,43.14,44.0
2015-12-09,43.76,44.25,43.36,43.65
2015-12-10,43.58,44.34,43.52,43.98
2015-12-11,43.16,43.57,42.57,42.73
2015-12-14,43.07,43.39,42.63,43.32
2015-12-15,44.24,44.51,43.75,44.02
2015-12-16,43.98,44.94,43.97,44.84
2015-12-17,44.85,44.9,44.22,44.36
2015-12-18,43.26,44.26,42.95,43.3
2015-12-21,43.65,44.52,43.36,44.44
2015-12-22,44.48,44.81,44.0,44.71
2015-12-23,44.94,45.62,44.81,45.58
2015-12-24,45.57,45.67,45.34,45.35
2015-12-28,45.24,45.48,44.96,45.07
2015-12-29,45.15,45.81,44.9,45.75
2015-12-30,45.74,45.94,45.42,45.51
2015-12-31,45.21,45.45,44.76,44.84
2016-01-04,44.09,44.45,43.25,43.79
2016-01-05,43.79,44.45,43.65,44.15
2016-01-06,43.33,44.17,43.28,43.99
2016-01-07,43.04,43.04,41.35,41.59
2016-01-08,41.65,42.06,40.97,40.99
2016-01-11,41.33,41.8,41.04,41.68
2016-01-12,41.68,42.29,41.51,42.12
2016-01-13,42.11,42.33,40.52,40.59
2016-01-14,41.55,41.93,40.59,41.36
2016-01-15,40.56,40.86,39.79,40.31
2016-01-19,41.05,41.66,40.65,41.46
2016-01-20,40.89,41.15,39.68,40.67
2016-01-21,40.82,40.91,40.0,40.33
2016-01-22,41.09,41.74,40.4,41.6
2016-01-25,41.73,41.79,40.16,40.2
2016-01-26,40.24,41.55,40.24,41.35
2016-01-27,41.34,41.96,40.78,41.12
2016-01-28,41.81,42.53,41.43,41.55
2016-01-29,42.08,43.1,41.83,43.1
2016-02-01,42.82,42.96,42.1,42.73
2016-02-02,42.12,42.7,41.67,41.95
2016-02-03,38.38,40.08,38.22,39.23
2016-02-04,39.01,39.09,37.86,38.02
2016-02-05,37.99,38.68,37.37,37.7
2016-02-08,37.27,37.33,35.88,36.34
2016-02-09,36.21,37.38,36.13,37.05
2016-02-10,37.69,38.56,37.29,38.02
2016-02-11,37.15,37.94,36.9,37.68
2016-02-12,38.1,38.16,37.64,38.1
2016-02-16,38.64,39.15,38.4,39.12
2016-02-17,39.48,39.92,39.15,39.81
2016-02-18,39.96,40.28,39.8,39.96
2016-02-19,39.79,40.76,39.56,39.81
2016-02-22,40.0,40.11,39.5,39.7
2016-02-23,39.56,40.17,39.51,40.07
2016-02-24,39.96,41.0,39.63,40.76
2016-02-25,40.85,41.59,40.72,41.58
2016-02-26,41.79,41.83,40.67,40.69
2016-02-29,40.54,41.17,40.5,40.53
2016-03-01,40.99,41.42,40.66,41.33
2016-03-02,40.96,41.28,40.55,41.22
2016-03-03,41.12,41.89,40.94,41.88
2016-03-04,41.97,42.54,41.77,42.13
2016-03-07,41.71,42.33,41.56,41.73
2016-03-08,41.38,41.76,41.1,41.38
2016-03-09,41.55,42.21,41.3,41.95
2016-03-10,41.91,42.16,41.11,41.67
2016-03-11,41.97,42.42,41.56,42.36
2016-03-14,42.03,42.35,41.79,42.24
2016-03-15,41.93,42.15,41.55,41.64
2016-03-16,41.57,42.21,41.33,41.72
2016-03-17,40.55,41.29,40.09,40.78
2016-03-18,41.04,41.17,40.66,40.74
2016-03-21,40.52,40.91,40.52,40.69
2016-03-22,40.56,40.7,39.77,39.91
2016-03-23,39.96,40.2,39.5,39.94
2016-03-24,39.96,40.06,39.49,39.51
2016-03-28,39.67,39.7,39.21,39.44
2016-03-29,39.5,40.19,39.24,40.1
2016-03-30,40.49,40.59,40.0,40.46
2016-03-31,40.56,40.58,40.08,40.12
2016-04-01,40.0,41.3,39.53,41.24
2016-04-04,41.14,41.29,40.83,41.22
2016-04-05,40.7,41.15,40.7,41.03
2016-04-06,40.45,41.89,40.32,41.88
2016-04-07,41.59,41.82,41.32,41.52
2016-04-08,41.69,42.35,41.67,42.32
2016-04-11,42.87,42.95,42.11,42.16
2016-04-12,42.07,42.53,41.95,42.4
2016-04-13,42.66,42.98,42.3,42.7
2016-04-14,42.74,42.85,42.12,42.16
2016-04-15,42.32,43.03,41.91,43.02
2016-04-18,42.8,43.29,42.66,43.25
2016-04-19,43.49,43.65,43.09,43.26
2016-04-20,43.21,43.48,42.72,43.17
2016-04-21,43.01,43.17,41.86,41.9
2016-04-22,41.9,42.2,41.54,42.19
2016-04-25,42.0,42.38,41.89,42.26
2016-04-26,42.27,42.5,42.02,42.5
2016-04-27,44.3,44.5,43.28,43.88
2016-04-28,43.69,44.05,43.25,43.38
2016-04-29,42.98,43.23,42.59,42.96
2016-05-02,43.19,44.48,43.02,44.31
2016-05-03,43.69,44.0,43.29,43.67
2016-05-04,43.46,43.79,43.22,43.67
2016-05-05,43.88,44.23,43.69,43.92
2016-05-06,43.73,44.17,43.27,43.93
2016-05-09,43.94,44.41,43.89,44.28
2016-05-10,44.32,45.08,44.26,45.04
2016-05-11,44.84,45.17,44.33,44.4
2016-05-12,44.51,45.01,44.38,44.85
2016-05-13,44.68,44.92,44.22,44.36
2016-05-16,44.25,44.73,44.24,44.52
2016-05-17,44.56,44.6,42.98,43.25
2016-05-18,42.93,43.65,42.87,43.24
2016-05-19,43.56,43.56,42.57,43.27
2016-05-20,43.3,43.69,43.21,43.36
2016-05-23,43.38,43.59,43.05,43.19
2016-05-24,43.58,44.23,43.3,44.15
2016-05-25,44.11,44.48,43.93,44.22
2016-05-26,44.14,44.6,44.05,44.35
2016-05-27,44.35,44.78,44.31,44.78
2016-05-31,44.77,44.95,44.29,44.49
2016-06-01,44.5,44.83,44.33,44.83
2016-06-02,44.63,45.07,44.58,45.07
2016-06-03,45.02,45.25,44.82,45.24
2016-06-06,45.28,45.44,44.88,45.12
2016-06-07,45.19,45.62,45.15,45.33
2016-06-08,45.25,45.28,44.6,45.05
2016-06-09,44.88,45.35,44.87,45.22
2016-06-10,44.72,45.37,44.72,45.02
2016-06-13,45.2,45.3,44.1,44.17
2016-06-14,44.12,44.2,43.58,44.02
2016-06-15,44.1,44.35,43.74,43.83
2016-06-16,43.69,44.24,43.54,44.23
2016-06-17,44.23,44.23,43.61,44.04
2016-06-20,44.55,44.92,44.21,44.23
2016-06-21,44.41,44.67,44.21,44.48
2016-06-22,44.43,44.71,44.16,44.18
2016-06-23,44.67,44.86,44.44,44.85
2016-06-24,42.77,43.68,41.82,42.27
2016-06-27,41.88,42.0,41.27,41.38
2016-06-28,41.29,41.89,41.08,41.85
2016-06-29,42.22,43.0,41.9,42.97
2016-06-30,43.24,45.75,42.59,45.51
2016-07-01,45.24,46.32,44.98,45.11
2016-07-05,45.05,45.73,44.87,44.9
2016-07-06,44.72,45.34,44.68,45.2
2016-07-07,45.15,45.58,44.84,45.17
2016-07-08,45.63,46.11,45.08,46.1
2016-07-11,46.08,46.12,45.59,45.85
2016-07-12,45.79,46.36,45.66,45.73
2016-07-13,45.83,46.04,45.28,45.6
2016-07-14,45.82,46.01,45.5,45.68
2016-07-15,45.35,46.0,45.35,45.39
2016-07-18,45.65,45.7,45.38,45.42
2016-07-19,45.37,45.58,45.04,45.58
2016-07-20,45.66,45.79,45.0,45.17
2016-07-21,45.14,45.32,44.79,45.18
2016-07-22,45.41,45.48,45.08,45.13
2016-07-25,45.31,45.83,45.3,45.76
2016-07-26,45.7,45.82,45.04,45.25
2016-07-27,45.25,45.5,43.89,43.94
2016-07-28,43.89,44.25,43.44,44.18
2016-07-29,44.06,44.4,43.86,43.98
2016-08-01,43.91,43.98,43.28,43.48
2016-08-02,43.62,43.62,42.69,43.03
2016-08-03,42.98,43.22,42.76,43.1
2016-08-04,43.16,43.23,42.3,42.5
2016-08-05,42.76,43.61,42.62,43.27
2016-08-08,43.31,43.57,43.18,43.42
2016-08-09,43.57,43.84,43.26,43.52
2016-08-10,43.65,43.8,43.25,43.47
2016-08-11,43.65,43.7,43.04,43.14
2016-08-12,43.1,43.29,42.9,43.17
2016-08-15,43.25,43.31,42.92,42.96
2016-08-16,42.95,43.03,42.67,42.7
2016-08-17,42.91,43.06,42.4,43.01
2016-08-18,42.98,43.28,42.87,43.23
2016-08-19,43.07,43.28,42.83,43.06
2016-08-22,43.0,43.3,42.8,43.2
2016-08-23,43.32,43.47,43.13,43.21
2016-08-24,43.29,43.36,42.88,43.0
2016-08-25,43.02,43.29,42.89,43.08
2016-08-26,43.16,43.56,42.91,43.06
2016-08-29,43.17,43.18,42.77,43.04
2016-08-30,44.85,45.09,44.21,44.74
2016-08-31,44.73,45.16,44.59,45.02
2016-09-01,45.14,45.2,43.71,43.95
2016-09-02,44.22,44.56,44.04,44.19
2016-09-06,44.53,44.88,43.9,44.42
2016-09-07,44.44,44.51,43.54,43.6
2016-09-08,43.99,43.99,43.45,43.64
2016-09-09,43.09,43.27,42.09,42.09
2016-09-12,42.42,43.62,41.96,43.55
2016-09-13,42.97,43.18,42.54,42.69
2016-09-14,42.66,42.93,42.33,42.54
2016-09-15,42.38,43.09,42.28,43.02
2016-09-16,42.66,43.06,42.54,42.91
2016-09-19,42.97,43.38,42.84,42.87
2016-09-20,43.28,43.83,42.8,42.84
2016-09-21,42.81,43.06,42.51,42.93
2016-09-22,43.34,43.57,43.14,43.37
2016-09-23,43.34,43.43,43.08,43.16
2016-09-26,42.68,43.01,42.65,42.72
2016-09-27,43.39,43.39,42.75,43.16
2016-09-28,43.11,43.47,43.06,43.4
2016-09-29,43.19,43.88,43.11,43.14
2016-09-30,43.33,44.12,43.22,43.9
2016-10-03,43.71,43.9,43.37,43.78
2016-10-04,43.54,43.98,43.03,43.16
2016-10-05,43.34,43.45,42.95,43.03
2016-10-06,42.9,43.11,42.66,43.01
2016-10-07,43.11,43.18,42.43,42.69
2016-10-10,42.83,43.24,42.82,43.04
2016-10-11,42.98,43.05,42.08,42.33
2016-10-12,42.28,42.55,42.12,42.41
2016-10-13,41.93,42.12,41.54,41.87
2016-10-14,42.21,42.53,41.99,42.05
2016-10-17,41.91,42.2,41.9,41.99
2016-10-18,42.35,42.54,42.11,42.12
2016-10-19,42.09,42.28,41.77,42.13
2016-10-20,42.1,42.38,41.73,42.09
2016-10-21,41.81,42.24,41.44,42.21
2016-10-24,42.43,42.78,42.22,42.61
2016-10-25,42.65,42.88,42.42,42.76
2016-10-26,44.74,44.74,43.03,44.32
2016-10-27,44.55,44.57,43.83,43.9
2016-10-28,44.68,45.43,43.75,45.2
2016-10-31,45.33,45.66,44.93,44.94
2016-11-01,45.03,45.22,44.2,44.4
2016-11-02,44.47,44.59,43.97,43.99
2016-11-03,44.04,44.05,43.28,43.31
2016-11-04,42.66,43.18,42.44,42.61
2016-11-07,43.17,44.24,43.16,44.22
2016-11-08,44.91,46.4,44.46,46.01
2016-11-09,44.06,45.63,43.92,44.01
2016-11-10,43.79,43.85,41.37,41.92
2016-11-11,41.85,41.92,40.98,41.19
2016-11-14,41.31,41.69,40.67,41.42
2016-11-15,41.62,42.58,41.54,42.37
2016-11-16,42.16,42.75,42.11,42.55
2016-11-17,42.7,43.01,42.11,42.99
2016-11-18,42.75,43.21,42.4,42.92
2016-11-21,42.72,43.2,42.72,42.98
2016-11-22,43.08,43.48,42.94,43.4
2016-11-23,43.1,43.36,42.39,42.5
2016-11-25,42.53,43.41,42.53,43.28
2016-11-28,43.23,43.28,42.73,42.92
2016-11-29,42.92,43.12,42.64,42.86
2016-11-30,42.9,43.07,41.21,41.24
2016-12-01,41.34,41.45,40.69,40.84
2016-12-02,40.99,41.29,40.85,41.17
2016-12-05,41.34,41.56,40.93,41.03
2016-12-06,41.04,41.14,40.5,40.65
2016-12-07,41.2,41.98,41.06,41.94
2016-12-08,41.92,41.92,41.26,41.33
2016-12-09,41.41,41.95,41.26,41.95
2016-12-12,41.84,42.74,41.82,42.66
2016-12-13,42.73,43.5,42.53,43.08
2016-12-14,43.17,43.6,42.52,42.83
2016-12-15,44.9,45.77,44.0,44.71
2016-12-16,44.87,44.87,44.0,44.37
2016-12-19,44.48,44.65,44.06,44.59
2016-12-20,43.93,44.82,43.93,44.32
2016-12-21,44.41,45.15,44.41,44.87
2016-12-22,44.86,45.11,44.7,44.98
2016-12-23,44.9,45.05,44.77,45.01
2016-12-27,45.12,45.29,44.93,45.04
2016-12-28,44.98,45.12,44.64,44.72
2016-12-29,44.7,45.03,44.67,44.84
2016-12-30,44.96,44.97,44.21,44.33
2017-01-03,44.71,44.88,44.42,44.85
2017-01-04,44.85,45.2,44.67,44.8
2017-01-05,44.77,45.13,44.65,45.0
2017-01-06,45.08,45.37,44.6,45.06
2017-01-09,45.28,45.28,44.62,44.69
2017-01-10,44.56,44.76,44.11,44.17
2017-01-11,44.12,45.28,44.11,45.07
2017-01-12,45.0,45.18,44.74,44.89
2017-01-13,44.97,45.17,44.41,44.6
2017-01-17,44.56,44.9,44.4,44.9
2017-01-18,45.0,45.46,44.9,45.03
2017-01-19,45.01,45.03,44.4,44.59
2017-01-20,44.93,45.45,44.69,45.2
2017-01-23,45.06,45.2,44.52,44.86
2017-01-24,44.84,45.16,44.67,44.93
2017-01-25,45.15,45.37,44.92,45.09
2017-01-26,45.09,45.09,44.58,44.61
2017-01-27,44.68,44.76,44.15,44.2
2017-01-30,44.18,44.89,44.03,44.43
2017-01-31,44.42,44.55,43.92,44.28
2017-02-01,44.18,44.35,43.65,43.89
2017-02-02,43.88,44.35,43.88,44.01
2017-02-03,44.32,44.53,44.0,44.36
2017-02-06,44.35,44.48,43.91,44.01
2017-02-07,44.04,44.14,43.83,43.93
2017-02-08,43.59,45.23,43.58,44.47
2017-02-09,44.6,45.21,44.49,44.7
2017-02-10,44.8,45.3,44.61,44.99
2017-02-13,45.07,45.17,44.4,45.03
2017-02-14,45.01,45.17,44.72,44.99
2017-02-15,44.79,45.48,44.5,45.37
2017-02-16,45.23,45.29,43.02,43.2
2017-02-17,41.86,42.91,41.3,42.5
2017-02-21,44.26,45.04,43.94,44.97
2017-02-22,44.61,44.85,44.33,44.65
2017-02-23,44.69,45.12,44.17,44.89
2017-02-24,44.98,45.39,44.86,45.38
2017-02-27,44.74,44.75,43.73,43.77
2017-02-28,43.85,44.08,43.65,43.92
2017-03-01,44.16,44.4,43.93,44.04
2017-03-02,44.23,44.23,43.72,43.78
2017-03-03,43.85,43.9,43.46,43.73
2017-03-06,43.42,43.84,43.34,43.65
2017-03-07,43.48,43.7,43.18,43.23
2017-03-08,43.22,43.43,43.08,43.14
2017-03-09,43.27,43.93,43.11,43.8
2017-03-10,44.0,44.02,43.72,43.85
2017-03-13,43.74,44.24,43.55,44.21
2017-03-14,44.13,44.26,43.82,43.86
2017-03-15,44.12,44.96,44.01,44.55
2017-03-16,44.55,44.9,44.32,44.88
2017-03-17,45.06,45.12,44.66,44.75
2017-03-20,44.64,44.71,44.28,44.44
2017-03-21,44.51,44.54,44.06,44.1
2017-03-22,44.19,44.34,43.76,44.0
2017-03-23,43.9,44.28,43.8,44.02
2017-03-24,44.11,44.11,43.6,43.8
2017-03-27,43.64,43.86,43.46,43.53
2017-03-28,43.4,43.93,43.06,43.7
2017-03-29,43.57,43.86,43.33,43.75
2017-03-30,43.65,43.66,43.21,43.28
2017-03-31,43.18,43.5,43.08,43.08
2017-04-03,43.23,43.3,42.92,43.05
2017-04-04,43.64,43.73,43.21,43.46
2017-04-05,43.57,44.41,43.46,44.01
2017-04-06,43.94,44.3,43.66,44.11
2017-04-07,44.13,44.38,43.94,44.18
2017-04-10,44.23,44.56,44.16,44.4
2017-04-11,44.29,44.5,43.94,44.06
2017-04-12,43.84,44.47,43.79,44.39
2017-04-13,44.49,44.55,44.04,44.04
2017-04-17,44.22,44.29,43.98,44.14
2017-04-18,44.2,44.9,44.13,44.74
2017-04-19,44.8,44.93,44.56,44.62
2017-04-20,44.72,45.25,44.46,44.98
2017-04-21,44.98,45.06,44.82,44.94
2017-04-24,45.25,45.66,45.13,45.39
2017-04-25,45.42,45.67,45.39,45.51
2017-04-26,45.57,45.66,45.08,45.12
2017-04-27,45.16,45.39,44.94,45.0
2017-04-28,45.03,45.1,44.77,45.03
2017-05-01,45.04,45.12,44.02,44.06
2017-05-02,44.22,44.24,43.46,43.74
2017-05-03,45.0,45.88,44.82,45.03
2017-05-04,45.25,45.72,44.81,45.05
2017-05-05,45.18,45.39,44.61,44.83
2017-05-08,44.77,45.01,44.46,44.59
2017-05-09,44.53,44.65,44.2,44.3
2017-05-10,44.31,44.5,43.96,44.25
2017-05-11,44.93,44.93,44.22,44.66
2017-05-12,44.59,44.98,44.25,44.87
2017-05-15,45.11,45.89,44.87,45.81
2017-05-16,45.8,45.9,45.32,45.51
2017-05-17,45.54,45.64,44.84,44.86
2017-05-18,44.75,45.22,44.6,45.0
2017-05-19,45.0,45.79,44.87,45.73
2017-05-22,45.65,46.33,45.56,46.11
2017-05-23,46.08,46.52,45.97,46.05
2017-05-24,46.13,46.18,45.9,46.11
2017-05-25,46.23,46.62,46.08,46.53
2017-05-26,46.7,46.83,46.4,46.44
2017-05-30,46.45,46.45,46.14,46.36
2017-05-31,46.35,46.76,46.19,46.59
2017-06-01,46.65,46.96,46.42,46.95
2017-06-02,47.13,47.23,46.76,47.19
2017-06-05,47.15,47.2,46.8,47.0
2017-06-06,46.99,47.2,46.75,46.81
2017-06-07,47.18,47.18,46.71,46.76
2017-06-08,46.54,46.78,46.34,46.39
2017-06-09,46.52,46.52,45.43,45.62
2017-06-12,45.4,45.91,45.05,45.37
2017-06-13,45.29,45.81,45.1,45.64
2017-06-14,45.42,46.1,45.42,45.73
2017-06-15,45.61,45.92,45.28,45.88
2017-06-16,45.41,45.7,44.73,45.19
2017-06-19,45.36,45.5,44.96,45.48
2017-06-20,45.48,45.62,45.02,45.03
2017-06-21,45.23,45.32,44.94,44.98
2017-06-22,44.98,45.21,44.76,44.85
2017-06-23,45.07,45.08,44.85,44.9
2017-06-26,45.1,45.32,44.89,44.9
2017-06-27,45.0,45.0,43.94,43.97
2017-06-28,44.06,44.47,43.99,44.04
2017-06-29,43.9,44.06,42.92,43.12
2017-06-30,43.59,43.64,43.16,43.19
2017-07-03,43.47,43.58,43.15,43.2
2017-07-05,43.15,43.42,43.0,43.12
2017-07-06,43.0,43.35,42.94,43.06
2017-07-07,42.99,43.37,42.89,43.22
2017-07-10,43.27,43.42,43.0,43.05
2017-07-11,43.05,43.19,42.76,42.99
2017-07-12,43.31,43.47,43.18,43.24
2017-07-13,43.18,43.4,43.02,43.29
2017-07-14,43.52,43.69,43.31,43.62
2017-07-17,43.65,43.76,43.49,43.69
2017-07-18,43.76,43.87,43.57,43.8
2017-07-19,43.76,44.18,43.6,44.14
2017-07-20,44.16,44.29,43.76,43.81
2017-07-21,43.78,44.11,43.72,44.03
2017-07-24,43.95,44.23,43.67,43.75
2017-07-25,44.25,44.38,43.95,44.24
2017-07-26,44.32,44.44,44.06,44.22
2017-07-27,44.04,44.26,43.75,44.24
2017-07-28,44.37,44.38,43.86,43.93
2017-07-31,43.99,44.1,43.62,44.02
2017-08-01,44.04,44.05,43.59,43.62
2017-08-02,44.03,44.17,42.78,44.1
2017-08-03,44.2,44.34,43.37,43.41
2017-08-04,43.58,43.76,43.32,43.48
2017-08-07,43.56,44.06,43.41,43.99
2017-08-08,43.77,43.96,43.53,43.64
2017-08-09,43.53,43.75,43.27,43.47
2017-08-10,43.25,43.6,43.19,43.27
2017-08-11,43.34,43.74,43.21,43.59
2017-08-14,43.76,44.03,43.65,43.7
2017-08-15,43.68,43.93,43.62,43.86
2017-08-16,44.22,44.48,44.0,44.19
2017-08-17,43.46,44.24,43.4,43.41
2017-08-18,43.46,43.57,42.91,42.94
2017-08-21,42.9,43.32,42.82,43.11
2017-08-22,43.12,43.49,43.12,43.44
2017-08-23,43.49,43.49,43.04,43.1
2017-08-24,42.99,43.09,41.79,41.88
2017-08-25,41.96,42.2,41.41,41.48
2017-08-28,41.62,41.69,40.96,41.3
2017-08-29,41.29,41.99,41.07,41.89
2017-08-30,41.76,42.3,40.39,41.63
2017-08-31,41.55,41.55,40.47,40.66
2017-09-01,40.79,40.97,40.6,40.88
2017-09-05,40.95,41.13,40.54,40.73
2017-09-06,40.78,40.79,40.22,40.59
2017-09-07,40.84,41.06,40.6,40.96
2017-09-08,40.97,41.18,40.61,40.63
2017-09-11,40.83,41.22,40.71,41.19
2017-09-12,41.33,41.4,40.9,40.98
2017-09-13,41.0,41.33,40.82,41.12
2017-09-14,41.12,41.27,40.55,40.68
2017-09-15,40.63,41.07,40.63,40.86
2017-09-18,41.0,41.0,40.66,40.71
2017-09-19,40.74,40.87,40.46,40.58
2017-09-20,40.64,40.79,40.23,40.41
2017-09-21,40.53,40.7,40.14,40.19
2017-09-22,40.16,40.42,40.04,40.05
2017-09-25,40.1,40.71,40.05,40.5
2017-09-26,40.63,40.89,40.46,40.63
2017-09-27,40.8,40.8,40.29,40.57
2017-09-28,40.48,40.85,40.34,40.52
2017-09-29,40.6,40.76,40.3,40.66
2017-10-02,40.6,41.41,40.56,41.1
2017-10-03,41.29,41.29,40.83,40.94
2017-10-04,41.05,41.24,40.9,41.02
2017-10-05,41.08,41.23,40.95,41.1
2017-10-06,41.15,41.26,41.03,41.13
2017-10-09,41.41,41.42,40.71,40.81
2017-10-10,40.89,41.63,40.83,41.45
2017-10-11,41.45,41.81,41.4,41.71
2017-10-12,41.76,41.9,41.52,41.81
2017-10-13,42.0,42.0,41.62,41.68
2017-10-16,41.64,41.76,41.44,41.55
2017-10-17,41.39,41.45,40.98,41.13
2017-10-18,40.81,41.13,40.72,40.81
2017-10-19,40.84,40.9,40.62,40.73
2017-10-20,40.67,41.06,40.67,41.02
2017-10-23,41.14,41.28,40.88,41.04
2017-10-24,41.05,41.42,40.94,41.09
2017-10-25,40.92,41.11,40.54,41.08
2017-10-26,41.3,41.35,40.89,40.91
2017-10-27,40.38,40.89,40.36,40.68
2017-10-30,40.46,40.67,39.19,39.3
2017-10-31,42.33,42.49,41.33,41.43
2017-11-01,41.85,41.88,41.22,41.27
2017-11-02,41.26,41.46,40.89,41.16
2017-11-03,41.16,41.35,40.9,40.97
2017-11-06,40.94,40.95,40.2,40.42
2017-11-07,40.52,41.27,40.36,41.21
2017-11-08,40.97,41.77,40.97,41.6
2017-11-09,41.31,41.63,41.22,41.35
2017-11-10,41.12,42.08,41.03,41.95
2017-11-13,41.83,42.19,41.83,42.05
2017-11-14,41.98,42.63,41.77,42.53
2017-11-15,42.47,42.64,41.88,41.95
2017-11-16,41.95,42.51,41.9,42.19
2017-11-17,42.25,42.76,42.15,42.3
2017-11-20,42.3,42.62,41.98,42.11
2017-11-21,42.3,42.34,42.04,42.32
2017-11-22,42.45,42.45,42.09,42.33
2017-11-24,42.26,42.53,42.1,42.15
2017-11-27,42.23,42.63,42.22,42.47
2017-11-28,42.59,42.76,42.41,42.61
2017-11-29,42.64,43.43,42.59,42.94
2017-11-30,43.0,43.34,42.76,42.94
2017-12-01,42.68,43.16,42.42,42.92
